split,method,attack,seed,attacker,rounds,seconds,balanced_accuracy,accuracy,macro_f1,rare_macro_f1,f1_0,f1_1,f1_2,f1_3,f1_4,f1_5,f1_6,f1_7,to_target_5,to_target_6,to_target_rare,specialist_weight_5,specialist_fedavg_weight,attacker_weight_5,attacker_fedavg_weight,specialist_weight_6,attacker_weight_6,specialist_trust_5_r15,specialist_trust_5_final,attacker_trust_5_final,attacker_trust_5_max,specialist_trust_6_r15,specialist_trust_6_final,attacker_trust_6_final,attacker_trust_6_max
s1,camp_a,A1,42,4,100,12.15,0.5282337285707017,0.6827956989247311,0.5346959251804901,0.523645474475415,0.6116797110174593,0.8223041874593188,0.619409282700422,0.3706293706293706,0.46112115732368897,0.3870967741935484,0.6601941747572816,0.34513274336283184,0.23636363636363636,0.23076923076923078,0.2336448598130841,0.12184699099449575,0.14470075818680433,0.1734245895986346,0.035220734527074256,0.14013067040027938,0.19718016017083934,,,,,,,,
s1,camp_a,A1,43,4,100,12.05,0.5227160552576626,0.6750537634408602,0.5202205738638066,0.4990160062975597,0.60381861575179,0.8249180327868852,0.5983827493261455,0.3357664233576642,0.454855195911414,0.33783783783783783,0.6601941747572816,0.3459915611814346,0.2,0.23076923076923078,0.21495327102803738,0.12409232605603933,0.14470075818680433,0.17459551371807605,0.035220734527074256,0.1378000378610619,0.19352419841322369,,,,,,,,
s1,camp_a,A1,44,4,100,11.95,0.5230219962183117,0.678494623655914,0.520594619833024,0.4969911041339613,0.6010037641154329,0.8216615919965202,0.6255144032921811,0.3358208955223881,0.46503496503496505,0.3401360544217687,0.6538461538461539,0.3217391304347826,0.2545454545454545,0.21153846153846154,0.2336448598130841,0.12519134806791565,0.14470075818680433,0.17574220497703213,0.035220734527074256,0.13769619465051353,0.19409266740459002,,,,,,,,
s1,camp_a,A2,42,1,100,12.11,0.492004892928272,0.6791397849462366,0.5132248905177093,0.46606942889137737,0.6087990487514863,0.8219238388729914,0.6311541565778854,0.3233082706766917,0.4565972222222222,0.37894736842105264,0.5531914893617021,0.3318777292576419,0.2545454545454545,0.3076923076923077,0.2803738317757009,0.12761849362915448,0.14470075818680433,0.23424685217887864,0.1700811958918105,0.15281914163518742,0.2610644223683077,,,,,,,,
s1,camp_a,A2,43,1,100,12.16,0.5109604457668635,0.6718279569892474,0.5181321045808754,0.4937879989426381,0.6104190260475651,0.8193475815523059,0.6120033812341504,0.32142857142857145,0.4497444633730835,0.41025641025641024,0.5773195876288659,0.3445378151260504,0.2,0.3269230769230769,0.2616822429906542,0.1296438815614559,0.14470075818680433,0.23615930519358835,0.1700811958918105,0.15151480115529414,0.2601399726881709,,,,,,,,
s1,camp_a,A2,44,1,100,12.25,0.5089051667048192,0.6819354838709677,0.5277629094445069,0.5135586149353358,0.6128838049367851,0.8247056209731171,0.6355731225296443,0.33725490196078434,0.4585774058577406,0.43137254901960786,0.5957446808510638,0.32599118942731276,0.2,0.3076923076923077,0.2523364485981308,0.13083920096296736,0.14470075818680433,0.2356203622991577,0.1700811958918105,0.15248088270850382,0.2588940656493512,,,,,,,,
s1,camp_a,A3,42,4,100,12.01,0.5375515821915624,0.6836559139784947,0.5439025477780566,0.5712107839204044,0.6159292035398231,0.8273459612453734,0.6095406360424028,0.35125448028673834,0.4527972027972028,0.4628099173553719,0.6796116504854369,0.351931330472103,0.18181818181818182,0.21153846153846154,0.19626168224299065,0.12513540547986937,0.14470075818680433,0.14376586475092615,0.035220734527074256,0.13236781304357337,0.1411605162830384,,,,,,,,
s1,camp_a,A3,43,4,100,11.79,0.5367970166713324,0.6729032258064516,0.5300170787258224,0.5521345923660061,0.6141552511415526,0.8227232537577365,0.5784037558685446,0.3308270676691729,0.4509151414309484,0.4246575342465753,0.6796116504854369,0.33884297520661155,0.14545454545454545,0.21153846153846154,0.17757009345794392,0.12476799347807793,0.14470075818680433,0.14392553600926006,0.035220734527074256,0.13125036384242267,0.14243569557478072,,,,,,,,
s1,camp_a,A3,44,4,100,11.86,0.5316509946556538,0.6793548387096774,0.5309819657207158,0.5507246376811594,0.609017912291538,0.8243448126489062,0.6139130434782609,0.328,0.44798657718120805,0.43478260869565216,0.6666666666666666,0.3231441048034934,0.18181818181818182,0.19230769230769232,0.18691588785046728,0.12737853196547075,0.14470075818680433,0.14567720041266627,0.035220734527074256,0.13340340598511066,0.14284597820011846,,,,,,,,
s1,camp_a,none,42,-1,100,11.73,0.5375515821915624,0.6836559139784947,0.5439025477780566,0.5712107839204044,0.6159292035398231,0.8273459612453734,0.6095406360424028,0.35125448028673834,0.4527972027972028,0.4628099173553719,0.6796116504854369,0.351931330472103,0.18181818181818182,0.21153846153846154,0.19626168224299065,0.1251354302788559,0.14470075818680433,,,0.13236773893836146,,,,,,,,,
s1,camp_a,none,43,-1,100,11.66,0.5367970166713324,0.6729032258064516,0.5300170787258224,0.5521345923660061,0.6141552511415526,0.8227232537577365,0.5784037558685446,0.3308270676691729,0.4509151414309484,0.4246575342465753,0.6796116504854369,0.33884297520661155,0.14545454545454545,0.21153846153846154,0.17757009345794392,0.12476798872093303,0.14470075818680433,,,0.1312503740998263,,,,,,,,,
s1,camp_a,none,44,-1,100,12.16,0.5316509946556538,0.6793548387096774,0.5309819657207158,0.5507246376811594,0.609017912291538,0.8243448126489062,0.6139130434782609,0.328,0.44798657718120805,0.43478260869565216,0.6666666666666666,0.3231441048034934,0.18181818181818182,0.19230769230769232,0.18691588785046728,0.12737866382046076,0.14470075818680433,,,0.13340352591600743,,,,,,,,,
s1,camp_a_reported,A1,42,4,100,12.56,0.5280675234683085,0.6849462365591398,0.5440585338995738,0.5411111111111111,0.6141920095408467,0.8205798997165904,0.6310599835661462,0.3729903536977492,0.4671115347950429,0.4222222222222222,0.66,0.3643122676579926,0.23636363636363636,0.25,0.24299065420560748,0.14352475631760145,0.14470075818680433,0.19020823203222037,0.035220734527074256,0.18346149020451333,0.1686520339302038,,,,,,,,
s1,camp_a_reported,A1,43,4,100,12.69,0.5272856160020789,0.6825806451612904,0.5374352818421225,0.5262616822429906,0.607795371498173,0.8216355441081777,0.6125970664365833,0.3778501628664495,0.46476190476190476,0.3925233644859813,0.66,0.36231884057971014,0.23636363636363636,0.2692307692307692,0.2523364485981308,0.14352475631760145,0.14470075818680433,0.19020823203222037,0.035220734527074256,0.18346149020451333,0.1686520339302038,,,,,,,,
s1,camp_a_reported,A1,44,4,100,12.68,0.532112538124119,0.6853763440860215,0.5408805610741368,0.5333333333333333,0.5980582524271845,0.8221122822112282,0.648605577689243,0.3806228373702422,0.46254681647940077,0.4,0.6666666666666666,0.34843205574912894,0.2545454545454545,0.21153846153846154,0.2336448598130841,0.14352475631760145,0.14470075818680433,0.19020823203222037,0.035220734527074256,0.18346149020451333,0.1686520339302038,,,,,,,,
s1,camp_a_reported,A2,42,1,100,12.84,0.4888001623472234,0.6817204301075269,0.5102358569539686,0.42533936651583715,0.6066066066066066,0.8207814887579131,0.6414499605988968,0.35331230283911674,0.4596153846153846,0.23529411764705882,0.6153846153846154,0.34944237918215615,0.3090909090909091,0.3269230769230769,0.3177570093457944,0.15631442179141194,0.14470075818680433,0.2730250940699363,0.1700811958918105,0.2081651324869284,0.2640529436249177,,,,,,,,
s1,camp_a_reported,A2,43,1,100,11.72,0.5010475919290753,0.6834408602150538,0.5181791270462243,0.44421380384016607,0.6164705882352941,0.8238897396630934,0.6288492706645057,0.3782051282051282,0.4574780058651026,0.2926829268292683,0.5957446808510638,0.352112676056338,0.2545454545454545,0.3269230769230769,0.2897196261682243,0.15631442179141194,0.14470075818680433,0.2730250940699363,0.1700811958918105,0.2081651324869284,0.2640529436249177,,,,,,,,
s1,camp_a_reported,A2,44,1,100,11.55,0.5026041013878031,0.6864516129032258,0.524420975470243,0.4567032967032967,0.6099558916194077,0.8238897396630934,0.6513409961685823,0.39322033898305087,0.46788990825688076,0.32,0.5934065934065934,0.3356643356643357,0.3090909090909091,0.3269230769230769,0.3177570093457944,0.15631442179141194,0.14470075818680433,0.2730250940699363,0.1700811958918105,0.2081651324869284,0.2640529436249177,,,,,,,,
s1,camp_a_reported,A3,42,4,100,11.36,0.5376079224569363,0.6847311827956989,0.5534278781900213,0.5872048743335871,0.6173861620342992,0.821256038647343,0.6259168704156479,0.36482084690553745,0.46485473289597,0.46153846153846156,0.7128712871287128,0.35877862595419846,0.23636363636363636,0.21153846153846154,0.22429906542056074,0.1928341779586868,0.14470075818680433,0.01875700158155203,0.035220734527074256,0.2315543591929047,0.017610367263537124,,,,,,,,
s1,camp_a_reported,A3,43,4,100,11.22,0.5541517389447266,0.6840860215053763,0.5556043630861021,0.6029207799624704,0.6142857142857143,0.8228645946533363,0.6155172413793103,0.3790849673202614,0.46037735849056605,0.48739495798319327,0.7184466019417476,0.34686346863468637,0.16363636363636364,0.21153846153846154,0.18691588785046728,0.1928341779586868,0.14470075818680433,0.01875700158155203,0.035220734527074256,0.2315543591929047,0.017610367263537124,,,,,,,,
s1,camp_a_reported,A3,44,4,100,11.11,0.5530422902987016,0.6847311827956989,0.5592010166167319,0.6260008609556608,0.5975687779910429,0.8214979494927692,0.642570281124498,0.38596491228070173,0.4589861751152074,0.5391304347826087,0.7128712871287128,0.315018315018315,0.16363636363636364,0.21153846153846154,0.18691588785046728,0.1928341779586868,0.14470075818680433,0.01875700158155203,0.035220734527074256,0.2315543591929047,0.017610367263537124,,,,,,,,
s1,camp_a_reported,none,42,-1,100,12.49,0.5376636762481941,0.6849462365591398,0.5535058903761025,0.5872048743335871,0.6177514792899408,0.8215148188803513,0.6259168704156479,0.36482084690553745,0.46485473289597,0.46153846153846156,0.7128712871287128,0.35877862595419846,0.23636363636363636,0.21153846153846154,0.22429906542056074,0.1928341779586868,0.14470075818680433,,,0.2315543591929047,,,,,,,,,
s1,camp_a_reported,none,43,-1,100,12.42,0.5541517389447266,0.6840860215053763,0.5556043630861021,0.6029207799624704,0.6142857142857143,0.8228645946533363,0.6155172413793103,0.3790849673202614,0.46037735849056605,0.48739495798319327,0.7184466019417476,0.34686346863468637,0.16363636363636364,0.21153846153846154,0.18691588785046728,0.1928341779586868,0.14470075818680433,,,0.2315543591929047,,,,,,,,,
s1,camp_a_reported,none,44,-1,100,12.48,0.5530422902987016,0.6847311827956989,0.5592010166167319,0.6260008609556608,0.5975687779910429,0.8214979494927692,0.642570281124498,0.38596491228070173,0.4589861751152074,0.5391304347826087,0.7128712871287128,0.315018315018315,0.16363636363636364,0.21153846153846154,0.18691588785046728,0.1928341779586868,0.14470075818680433,,,0.2315543591929047,,,,,,,,,
s1,coordinate_wise_median,A1,42,4,100,12.06,0.4816473768564842,0.6670967741935484,0.4995003216994881,0.5666486291486291,0.5876603543066585,0.8207288813987782,0.5687732342007435,0.23853211009174313,0.42601626016260163,0.44642857142857145,0.6868686868686869,0.22099447513812154,0.21818181818181817,0.23076923076923078,0.22429906542056074,0.3693121951219512,0.14470075818680433,0.09376585365853657,0.035220734527074256,0.2464,0.10304878048780487,,,,,,,,
s1,coordinate_wise_median,A1,43,4,100,11.84,0.4992009320222091,0.6636559139784947,0.4954493648409075,0.5459107554591076,0.5881612090680101,0.8237580993520518,0.5711627906976744,0.2636363636363636,0.4307692307692308,0.4383561643835616,0.6534653465346535,0.19428571428571428,0.16363636363636364,0.23076923076923078,0.19626168224299065,0.37680975609756096,0.14470075818680433,0.10239512195121953,0.035220734527074256,0.255409756097561,0.10172682926829267,,,,,,,,
s1,coordinate_wise_median,A1,44,4,100,11.87,0.49124612404947615,0.6643010752688172,0.49151850461919555,0.5661588376357738,0.5764476252439817,0.8202861952861953,0.5787545787545788,0.21256038647342995,0.4268104776579353,0.4460431654676259,0.6862745098039216,0.18497109826589594,0.21818181818181817,0.21153846153846154,0.21495327102803738,0.3613170731707316,0.14470075818680433,0.09328780487804877,0.035220734527074256,0.2574000000000001,0.10134146341463415,,,,,,,,
s1,coordinate_wise_median,A2,42,1,100,11.91,0.47234640859113586,0.6634408602150538,0.4953781338040297,0.5564948453608247,0.5883069427527405,0.8194915254237288,0.5636192271442035,0.24074074074074073,0.41809672386895474,0.4329896907216495,0.68,0.21978021978021978,0.23636363636363636,0.23076923076923078,0.2336448598130841,0.39895121951219514,0.14470075818680433,0.103454806312769,0.1700811958918105,0.2087804878048781,0.12203156384505022,,,,,,,,
s1,coordinate_wise_median,A2,43,1,100,12.3,0.4895027800940321,0.6589247311827957,0.4889797649488733,0.5399679673849738,0.5901434809731753,0.8223041874593188,0.557345971563981,0.26666666666666666,0.4220314735336195,0.4264705882352941,0.6534653465346535,0.17341040462427745,0.16363636363636364,0.21153846153846154,0.18691588785046728,0.40585853658536586,0.14470075818680433,0.10968723098995696,0.1700811958918105,0.21492195121951224,0.11977044476327116,,,,,,,,
s1,coordinate_wise_median,A2,44,1,100,12.14,0.4854430617711032,0.6640860215053763,0.4910887688543244,0.5653333333333334,0.579746835443038,0.821360457724094,0.5772058823529411,0.22009569377990432,0.4241960183767228,0.464,0.6666666666666666,0.17543859649122806,0.18181818181818182,0.21153846153846154,0.19626168224299065,0.39282926829268283,0.14470075818680433,0.10257101865136296,0.1700811958918105,0.21713170731707315,0.1225251076040172,,,,,,,,
s1,coordinate_wise_median,A3,42,4,100,11.81,0.4919794676235351,0.6587096774193548,0.5004806460450308,0.5626254180602007,0.5825242718446602,0.8178049312677286,0.585675430643699,0.24778761061946902,0.4132231404958678,0.45217391304347826,0.6730769230769231,0.23157894736842105,0.18181818181818182,0.17307692307692307,0.17757009345794392,0.39921463414634145,0.14470075818680433,0.0011170731707317073,0.035220734527074256,0.26537073170731706,0.0008146341463414634,,,,,,,,
s1,coordinate_wise_median,A3,43,4,100,11.68,0.49009433944083525,0.6389247311827957,0.4786743158864357,0.5276110444177671,0.5781433607520564,0.8003675626005053,0.589605734767025,0.21359223300970873,0.409606404269513,0.40816326530612246,0.6470588235294118,0.18285714285714286,0.14545454545454545,0.19230769230769232,0.16822429906542055,0.4093804878048781,0.14470075818680433,0.001029268292682927,0.035220734527074256,0.2725121951219512,0.0009268292682926829,,,,,,,,
s1,coordinate_wise_median,A3,44,4,100,11.74,0.4958947721831949,0.6627956989247312,0.4952325329993351,0.5628274079765314,0.5772669220945083,0.8214592274678112,0.5973333333333334,0.21153846153846154,0.4126984126984127,0.4460431654676259,0.6796116504854369,0.2159090909090909,0.16363636363636364,0.17307692307692307,0.16822429906542055,0.3957073170731708,0.14470075818680433,0.0010146341463414634,0.035220734527074256,0.2730048780487805,0.0007317073170731708,,,,,,,,
s1,coordinate_wise_median,none,42,-1,100,12.19,0.4789108575900135,0.6670967741935484,0.4973557384859727,0.5585585585585585,0.5852168601099572,0.8210304942166141,0.5698324022346368,0.23853211009174313,0.42612244897959184,0.45045045045045046,0.6666666666666666,0.22099447513812154,0.21818181818181817,0.25,0.2336448598130841,0.39698048780487805,0.14470075818680433,,,0.24925853658536581,,,,,,,,,
s1,coordinate_wise_median,none,43,-1,100,12.19,0.4992917198487708,0.6636559139784947,0.4978405959261659,0.5555555555555556,0.5872020075282308,0.8231483480889656,0.5701021355617456,0.2648401826484018,0.432035268185158,0.4444444444444444,0.6666666666666666,0.19428571428571428,0.16363636363636364,0.21153846153846154,0.18691588785046728,0.40721463414634146,0.14470075818680433,,,0.2569609756097561,,,,,,,,,
s1,coordinate_wise_median,none,44,-1,100,12.23,0.49124612404947615,0.6643010752688172,0.4915577002552005,0.5661588376357738,0.5764476252439817,0.8199411022297013,0.5787545787545788,0.21256038647342995,0.42746913580246915,0.4460431654676259,0.6862745098039216,0.18497109826589594,0.21818181818181817,0.21153846153846154,0.21495327102803738,0.3931756097560975,0.14470075818680433,,,0.2600292682926829,,,,,,,,,
s1,earn,A1,42,4,100,10.43,0.5388634505039243,0.6849462365591398,0.5554959661848604,0.5764197109366109,0.6167349327091867,0.8201598579040853,0.6387771520514883,0.3711340206185567,0.4633699633699634,0.45977011494252873,0.693069306930693,0.38095238095238093,0.23636363636363636,0.21153846153846154,0.22429906542056074,0.1354796746165306,0.14470075818680433,0.08172986843299004,0.035220734527074256,0.14305688241939613,0.06491007064921712,0.00014648437500000002,3.786532345060857e-30,0.3756277045709301,0.5512554091418602,0.001171875,5.230463345977397e-27,0.08216146646778318,0.5
s1,earn,A1,43,4,100,10.82,0.5445894400225657,0.68,0.5478473656852487,0.5666666666666667,0.6137811233352635,0.8190687361419069,0.6184873949579832,0.3711340206185567,0.4605621033544878,0.42857142857142855,0.7047619047619048,0.366412213740458,0.2,0.21153846153846154,0.205607476635514,0.1381628315168466,0.14470075818680433,0.07601449658954648,0.035220734527074256,0.1459090401689336,0.06128349048890793,0.001953125,5.048709793414476e-29,0.10408048658074753,0.41632194632299013,0.04375,1.1309109937248425e-27,0.11336847049484029,0.4
s1,earn,A1,44,4,100,10.73,0.532860523728364,0.6797849462365592,0.5413217949819985,0.5621848739495798,0.5920303605313093,0.8185209567698047,0.646875,0.3595505617977528,0.4654867256637168,0.4380952380952381,0.6862745098039216,0.3237410071942446,0.2545454545454545,0.19230769230769232,0.22429906542056074,0.13874114449391128,0.14470075818680433,0.07807462486823095,0.035220734527074256,0.14821168122076295,0.06474721842310066,0.002734375,7.068193710780265e-29,0.2707676898611259,0.5415353797222519,0.0625,8.673617703001463e-20,0.1134907646432297,0.5
s1,earn,A2,42,1,100,10.57,0.5167866410358306,0.6819354838709677,0.5378089613777958,0.5149242970439798,0.6142191142191142,0.8175932127707077,0.6367157242447715,0.3708609271523179,0.4695977549111319,0.3561643835616438,0.6736842105263158,0.36363636363636365,0.2545454545454545,0.25,0.2523364485981308,0.16396509953454103,0.14470075818680433,0.1763473055270924,0.1700811958918105,0.153401221940347,0.19113958436676032,0.0296875,0.001733622246868477,9.491574411619214e-28,0.5,0.0078125,5.573775611929581e-27,0.025403595158792314,1.0
s1,earn,A2,43,1,100,10.4,0.5309393484271349,0.6832258064516129,0.5451706278771891,0.5487528344671202,0.6190208216094542,0.8204667863554758,0.6335204490777867,0.37254901960784315,0.4704761904761905,0.4444444444444444,0.6530612244897959,0.34782608695652173,0.2,0.25,0.22429906542056074,0.1635238180171508,0.14470075818680433,0.17868612368944273,0.1700811958918105,0.15701823394105544,0.19160809695033176,0.053125,0.0040104166139386666,2.423380700838948e-28,0.6,0.075,1.9387045606711585e-27,0.056300369114615056,1.0
s1,earn,A2,44,1,100,10.47,0.533074141207575,0.6849462365591398,0.5500977466628332,0.560556464811784,0.6217678893565844,0.8206865401987353,0.6492537313432836,0.391304347826087,0.46808510638297873,0.46153846153846156,0.6595744680851063,0.32857142857142857,0.18181818181818182,0.23076923076923078,0.205607476635514,0.16349941571994087,0.14470075818680433,0.17720016592037352,0.1700811958918105,0.16402144399921043,0.19526585954654369,0.034374999999999996,0.1037602547582668,4.846761401677896e-28,0.7999999999999999,0.5,3.1019272970738537e-26,0.11343994289677549,1.0
s1,earn,A3,42,4,100,10.17,0.5421356938048183,0.6851612903225807,0.5571913667161952,0.5929947833493027,0.6225319396051103,0.820865704772475,0.6309813463098135,0.36619718309859156,0.461961503208066,0.4731182795698925,0.7128712871287128,0.36900369003690037,0.21818181818181817,0.21153846153846154,0.21495327102803738,0.16003794154205003,0.14470075818680433,0.03656358371940628,0.035220734527074256,0.13831229647657906,0.0314643685511003,0.0296875,0.0016602039337158207,0.0,0.0,0.0078125,5.573775611929581e-27,0.0,0.0
s1,earn,A3,43,4,100,10.16,0.5455578117345129,0.6795698924731183,0.5491345670601261,0.5852492028863903,0.6107226107226107,0.8206485771012575,0.6138107416879796,0.36823104693140796,0.4591651542649728,0.4576271186440678,0.7128712871287128,0.35,0.16363636363636364,0.21153846153846154,0.18691588785046728,0.16038504003323006,0.14470075818680433,0.03664515568007779,0.035220734527074256,0.14689341535244835,0.03203860730309404,0.053125,1.3732490638087373e-27,0.0,0.0,0.075,5.426312573166105e-21,0.0,0.0
s1,earn,A3,44,4,100,10.08,0.5473128966502069,0.6802150537634408,0.5504077099073575,0.6106729316999496,0.5929203539823009,0.8195356986421375,0.6443381180223285,0.3458646616541353,0.4638447971781305,0.5084745762711864,0.7128712871287128,0.3154121863799283,0.16363636363636364,0.17307692307692307,0.16822429906542055,0.16036183622865705,0.14470075818680433,0.03640216379360969,0.035220734527074256,0.16031982703134406,0.03152565753365672,0.034374999999999996,2.44140625e-05,0.0,0.0,0.5,1.2790137892272784e-14,0.0,0.0
s1,earn,none,42,-1,100,11.72,0.5423211537454711,0.6853763440860215,0.5573528252211131,0.5929947833493027,0.6225319396051103,0.8210479573712256,0.6320907617504052,0.36619718309859156,0.461961503208066,0.4731182795698925,0.7128712871287128,0.36900369003690037,0.21818181818181817,0.21153846153846154,0.21495327102803738,0.16003794154205003,0.14470075818680433,,,0.13831229647657906,,0.0296875,0.0016602039337158207,,,0.0078125,5.573775611929581e-27,,
s1,earn,none,43,-1,100,11.67,0.5455578117345129,0.6795698924731183,0.5491345670601261,0.5852492028863903,0.6107226107226107,0.8206485771012575,0.6138107416879796,0.36823104693140796,0.4591651542649728,0.4576271186440678,0.7128712871287128,0.35,0.16363636363636364,0.21153846153846154,0.18691588785046728,0.16038504003323006,0.14470075818680433,,,0.14689341535244835,,0.053125,1.3732490638087373e-27,,,0.075,5.426312573166105e-21,,
s1,earn,none,44,-1,100,10.28,0.5473128966502069,0.6802150537634408,0.5504077099073575,0.6106729316999496,0.5929203539823009,0.8195356986421375,0.6443381180223285,0.3458646616541353,0.4638447971781305,0.5084745762711864,0.7128712871287128,0.3154121863799283,0.16363636363636364,0.17307692307692307,0.16822429906542055,0.16036183622865705,0.14470075818680433,,,0.16031982703134406,,0.034374999999999996,2.44140625e-05,,,0.5,1.2790137892272784e-14,,
s1,earn_no_blend,A1,42,4,100,10.19,0.5367757491321344,0.6858064516129032,0.5523233636358033,0.5708729472774416,0.6182669789227166,0.8207295373665481,0.6433677521842732,0.3741496598639456,0.46348061316501354,0.449438202247191,0.6923076923076923,0.35684647302904565,0.23636363636363636,0.21153846153846154,0.22429906542056074,0.1325743739450633,0.14470075818680433,0.08800264423975007,0.035220734527074256,0.14838188728523868,0.05336286856555332,0.00014648437500000002,3.786532345060857e-30,0.37684135437703714,0.5536827087540743,0.001171875,5.230463345977397e-27,0.03772608494644242,0.18281250000000002
s1,earn_no_blend,A1,43,4,100,9.89,0.5388708723043343,0.678494623655914,0.5417028698126012,0.5557707828894269,0.6117237376668602,0.8182019977802442,0.6204013377926422,0.3642611683848797,0.46003552397868563,0.4067796610169492,0.7047619047619048,0.3474576271186441,0.2,0.21153846153846154,0.205607476635514,0.1362741936083349,0.14470075818680433,0.07985724623342702,0.035220734527074256,0.14995066609333293,0.05398681161783199,0.001953125,5.048709793414476e-29,0.10408058223589628,0.4163223289435851,0.04375,1.1309109937248425e-27,0.11333706683765937,0.25725113153457646
s1,earn_no_blend,A1,44,4,100,9.83,0.5326511327929853,0.6819354838709677,0.54395944752458,0.5601183869774324,0.5922208281053952,0.8187417509898812,0.6537567776917118,0.36900369003690037,0.4658008658008658,0.4339622641509434,0.6862745098039216,0.33191489361702126,0.2545454545454545,0.19230769230769232,0.22429906542056074,0.13911472984839843,0.14470075818680433,0.08003982104524196,0.035220734527074256,0.15222512132531357,0.054205277213100124,0.01875,4.846761401677896e-28,0.27076893074764646,0.5415378614952929,0.0625,7.107162081141603e-16,0.11299450115825568,0.2625
s1,earn_no_blend,A2,42,1,100,10.23,0.5117302935491754,0.6827956989247311,0.5352985813462865,0.5101754385964912,0.6143106457242583,0.8177559669863931,0.644119907763259,0.3713355048859935,0.46408839779005523,0.3466666666666667,0.6736842105263158,0.3504273504273504,0.2545454545454545,0.25,0.2523364485981308,0.15992117737003833,0.14470075818680433,0.17854896515462124,0.1700811958918105,0.15591928249005135,0.18544442039443387,0.0021484375,0.0016724605171760487,3.5340968553901327e-29,0.5,0.00390625,5.371827220193002e-27,0.02500000000000009,1.0
s1,earn_no_blend,A2,43,1,100,10.11,0.5262081903841258,0.683010752688172,0.5398161707183102,0.5406236275801494,0.6211180124223602,0.8208118412200045,0.6354249404289118,0.36774193548387096,0.46533713200379867,0.43478260869565216,0.6464646464646465,0.32684824902723736,0.2,0.25,0.22429906542056074,0.16178815116151035,0.14470075818680433,0.18082396325674444,0.1700811958918105,0.15813076138844656,0.18556656172554437,0.014062499999999999,0.0003906250120053358,2.423380700838948e-28,0.6,0.04375,1.1309109937248425e-27,3.725290298461915e-10,1.0
s1,earn_no_blend,A2,44,1,100,10.08,0.5308006093106439,0.6866666666666666,0.5471750258769423,0.5497200447928332,0.6207309766327141,0.8201536375960234,0.6607669616519174,0.38162544169611307,0.47079646017699117,0.44680851063829785,0.6526315789473685,0.32388663967611336,0.18181818181818182,0.25,0.21495327102803738,0.1621956554094508,0.14470075818680433,0.17861987099817878,0.1700811958918105,0.16822813635490363,0.1899694684864843,0.01875,0.10375981330904716,4.846761401677896e-28,0.7999999999999999,0.5,3.1019272970738537e-26,0.006481933780014515,1.0
s1,earn_no_blend,A3,42,4,100,9.79,0.5392129396166093,0.6868817204301075,0.5547051882073551,0.5835571162982855,0.6245654692931634,0.8218327046816064,0.6411716842961758,0.35986159169550175,0.4594594594594595,0.46808510638297873,0.6990291262135923,0.36363636363636365,0.21818181818181817,0.21153846153846154,0.21495327102803738,0.15763979782854892,0.14470075818680433,0.036958377427166386,0.035220734527074256,0.1498472819455598,0.03440640402686171,0.0021484375,5.960674799576627e-09,0.0,0.0,0.00390625,5.960464477539063e-09,0.0,0.0
s1,earn_no_blend,A3,43,4,100,9.96,0.5386697081628615,0.6780645161290323,0.544113110432173,0.5878406022420424,0.6097560975609756,0.8193462897526502,0.6173469387755102,0.3404255319148936,0.455584872471416,0.4628099173553719,0.7128712871287128,0.33476394849785407,0.16363636363636364,0.21153846153846154,0.18691588785046728,0.16017313991651505,0.14470075818680433,0.03673478718973509,0.035220734527074256,0.15346568346789108,0.03403651379066357,0.014062499999999999,3.635071051258422e-28,0.0,0.0,0.04375,3.552822204987341e-16,0.0,0.0
s1,earn_no_blend,A3,44,4,100,9.84,0.5444587648444592,0.6802150537634408,0.5475785599029446,0.5961538461538461,0.5917085427135679,0.8181818181818182,0.6482649842271293,0.34814814814814815,0.4616709732988803,0.5,0.6923076923076923,0.3203463203463203,0.16363636363636364,0.17307692307692307,0.16822429906542055,0.15877124432529055,0.14470075818680433,0.03660187597104528,0.035220734527074256,0.16900667029784355,0.03301710934875299,0.01875,2.44140625e-05,0.0,0.0,0.5,2.935963321457916e-12,0.0,0.0
s1,earn_no_blend,none,42,-1,100,10.21,0.5392129396166093,0.6868817204301075,0.5547051882073551,0.5835571162982855,0.6245654692931634,0.8218327046816064,0.6411716842961758,0.35986159169550175,0.4594594594594595,0.46808510638297873,0.6990291262135923,0.36363636363636365,0.21818181818181817,0.21153846153846154,0.21495327102803738,0.15763979782854892,0.14470075818680433,,,0.1498472819455598,,0.0021484375,5.960674799576627e-09,,,0.00390625,5.960464477539063e-09,,
s1,earn_no_blend,none,43,-1,100,10.17,0.5386697081628615,0.6780645161290323,0.544113110432173,0.5878406022420424,0.6097560975609756,0.8193462897526502,0.6173469387755102,0.3404255319148936,0.455584872471416,0.4628099173553719,0.7128712871287128,0.33476394849785407,0.16363636363636364,0.21153846153846154,0.18691588785046728,0.16017313991651505,0.14470075818680433,,,0.15346568346789108,,0.014062499999999999,3.635071051258422e-28,,,0.04375,3.552822204987341e-16,,
s1,earn_no_blend,none,44,-1,100,9.98,0.5443329429825936,0.6804301075268817,0.547701225827895,0.5961538461538461,0.5895663104965431,0.8178829717291256,0.6492890995260664,0.34814814814814815,0.4640692640692641,0.5,0.6923076923076923,0.3203463203463203,0.16363636363636364,0.17307692307692307,0.16822429906542055,0.15877124432529055,0.14470075818680433,,,0.16900667029784355,,0.01875,2.44140625e-05,,,0.5,2.935963321457916e-12,,
s1,earn_no_ledger,A1,42,4,100,10.03,0.5388634505039243,0.6849462365591398,0.5554959661848604,0.5764197109366109,0.6167349327091867,0.8201598579040853,0.6387771520514883,0.3711340206185567,0.4633699633699634,0.45977011494252873,0.693069306930693,0.38095238095238093,0.23636363636363636,0.21153846153846154,0.22429906542056074,0.1354796746165306,0.14470075818680433,0.08172986843299004,0.035220734527074256,0.14305688241939613,0.06491007064921712,0.00014648437500000002,3.786532345060857e-30,0.3756277045709301,0.5512554091418602,0.001171875,5.230463345977397e-27,0.08216146646778318,0.5
s1,earn_no_ledger,A1,43,4,100,9.87,0.5437829884096625,0.6797849462365592,0.547093121303061,0.5666666666666667,0.6137811233352635,0.8190687361419069,0.6184873949579832,0.36551724137931035,0.4601449275362319,0.42857142857142855,0.7047619047619048,0.366412213740458,0.2,0.21153846153846154,0.205607476635514,0.1381628315168466,0.14470075818680433,0.07601449658954648,0.035220734527074256,0.14562994977724852,0.06226691116618488,0.001953125,5.048709793414476e-29,0.10408048658074753,0.41632194632299013,0.04375,1.1309109937248425e-27,0.11336847049484029,0.44999999999999996
s1,earn_no_ledger,A1,44,4,100,9.92,0.5331231287703808,0.68,0.5415382297847952,0.5621848739495798,0.5924050632911393,0.8185209567698047,0.646875,0.3595505617977528,0.46684350132625996,0.4380952380952381,0.6862745098039216,0.3237410071942446,0.2545454545454545,0.19230769230769232,0.22429906542056074,0.13874114449391128,0.14470075818680433,0.07807462486823095,0.035220734527074256,0.14783177878115278,0.0641864486894829,0.002734375,7.068193710780265e-29,0.2707676898611259,0.5415353797222519,0.0625,8.673617703001463e-20,0.1134907646432297,0.48749999999999993
s1,earn_no_ledger,A2,42,1,100,10.14,0.5167866410358306,0.6819354838709677,0.5378089613777958,0.5149242970439798,0.6142191142191142,0.8175932127707077,0.6367157242447715,0.3708609271523179,0.4695977549111319,0.3561643835616438,0.6736842105263158,0.36363636363636365,0.2545454545454545,0.25,0.2523364485981308,0.16396509953454103,0.14470075818680433,0.1763473055270924,0.1700811958918105,0.153401221940347,0.19113958436676032,0.0296875,0.001733622246868477,9.491574411619214e-28,0.5,0.0078125,5.573775611929581e-27,0.025403595158792314,1.0
s1,earn_no_ledger,A2,43,1,100,10.09,0.5308278408446193,0.6827956989247311,0.5451397183047335,0.5487528344671202,0.6183249016301293,0.8197530864197531,0.6330128205128205,0.3737704918032787,0.47092469018112487,0.4444444444444444,0.6530612244897959,0.34782608695652173,0.2,0.25,0.22429906542056074,0.16282073499296704,0.14470075818680433,0.1787001205242975,0.1700811958918105,0.15650312277429962,0.19388282123861128,0.053125,0.0040104166139386666,3.635071051258422e-28,0.8999999999999999,0.075,1.9387045606711585e-27,0.056300369114615056,1.0
s1,earn_no_ledger,A2,44,1,100,10.25,0.5332206828253945,0.6851612903225807,0.5502244524860634,0.560556464811784,0.6225961538461539,0.8208719222950079,0.6492537313432836,0.391304347826087,0.46808510638297873,0.46153846153846156,0.6595744680851063,0.32857142857142857,0.18181818181818182,0.23076923076923078,0.205607476635514,0.16287778782318166,0.14470075818680433,0.17741902948568852,0.1700811958918105,0.16402144399921043,0.19526585954654369,0.034374999999999996,0.1037602547582668,2.4233807008389483e-27,0.8999999999999999,0.5,3.1019272970738537e-26,0.11343994289677549,1.0
s1,earn_no_ledger,A3,42,4,100,10.13,0.5421356938048183,0.6851612903225807,0.5571913667161952,0.5929947833493027,0.6225319396051103,0.820865704772475,0.6309813463098135,0.36619718309859156,0.461961503208066,0.4731182795698925,0.7128712871287128,0.36900369003690037,0.21818181818181817,0.21153846153846154,0.21495327102803738,0.16003794154205003,0.14470075818680433,0.03656358371940628,0.035220734527074256,0.13831229647657906,0.0314643685511003,0.0296875,0.0016602039337158207,0.0,0.0,0.0078125,5.573775611929581e-27,0.0,0.0
s1,earn_no_ledger,A3,43,4,100,10.07,0.5455578117345129,0.6795698924731183,0.5491345670601261,0.5852492028863903,0.6107226107226107,0.8206485771012575,0.6138107416879796,0.36823104693140796,0.4591651542649728,0.4576271186440678,0.7128712871287128,0.35,0.16363636363636364,0.21153846153846154,0.18691588785046728,0.16038504003323006,0.14470075818680433,0.03664515568007779,0.035220734527074256,0.14689341535244835,0.03203860730309404,0.053125,1.3732490638087373e-27,0.0,0.0,0.075,5.426312573166105e-21,0.0,0.0
s1,earn_no_ledger,A3,44,4,100,9.95,0.5473128966502069,0.6802150537634408,0.5504077099073575,0.6106729316999496,0.5929203539823009,0.8195356986421375,0.6443381180223285,0.3458646616541353,0.4638447971781305,0.5084745762711864,0.7128712871287128,0.3154121863799283,0.16363636363636364,0.17307692307692307,0.16822429906542055,0.16036183622865705,0.14470075818680433,0.03640216379360969,0.035220734527074256,0.16031982703134406,0.03152565753365672,0.034374999999999996,2.44140625e-05,0.0,0.0,0.5,1.2790137892272784e-14,0.0,0.0
s1,earn_no_ledger,none,42,-1,100,10.08,0.5423211537454711,0.6853763440860215,0.5573528252211131,0.5929947833493027,0.6225319396051103,0.8210479573712256,0.6320907617504052,0.36619718309859156,0.461961503208066,0.4731182795698925,0.7128712871287128,0.36900369003690037,0.21818181818181817,0.21153846153846154,0.21495327102803738,0.16003794154205003,0.14470075818680433,,,0.13831229647657906,,0.0296875,0.0016602039337158207,,,0.0078125,5.573775611929581e-27,,
s1,earn_no_ledger,none,43,-1,100,10.08,0.5455578117345129,0.6795698924731183,0.5491345670601261,0.5852492028863903,0.6107226107226107,0.8206485771012575,0.6138107416879796,0.36823104693140796,0.4591651542649728,0.4576271186440678,0.7128712871287128,0.35,0.16363636363636364,0.21153846153846154,0.18691588785046728,0.16038504003323006,0.14470075818680433,,,0.14689341535244835,,0.053125,1.3732490638087373e-27,,,0.075,5.426312573166105e-21,,
s1,earn_no_ledger,none,44,-1,100,10.15,0.5473128966502069,0.6802150537634408,0.5504077099073575,0.6106729316999496,0.5929203539823009,0.8195356986421375,0.6443381180223285,0.3458646616541353,0.4638447971781305,0.5084745762711864,0.7128712871287128,0.3154121863799283,0.16363636363636364,0.17307692307692307,0.16822429906542055,0.16036183622865705,0.14470075818680433,,,0.16031982703134406,,0.034374999999999996,2.44140625e-05,,,0.5,1.2790137892272784e-14,,
s1,earn_no_ramp,A1,42,4,100,10.21,0.5316505646040024,0.6858064516129032,0.5510147508934169,0.5589156626506024,0.6171967020023557,0.8221483942414175,0.6376109765940274,0.3737024221453287,0.46600181323662737,0.4578313253012048,0.66,0.37362637362637363,0.23636363636363636,0.23076923076923078,0.2336448598130841,0.11053791792445425,0.14470075818680433,0.14438710136801167,0.035220734527074256,0.12353895936993982,0.12803604187913392,0.0009765625,2.524354896707238e-29,1.0,1.0,0.001953125,5.048709793414476e-29,0.25,1.0
s1,earn_no_ramp,A1,43,4,100,10.04,0.5352223682782493,0.678494623655914,0.5381780546723037,0.5351282051282051,0.6126340882002383,0.819585355094839,0.6165540540540541,0.3737024221453287,0.4618149146451033,0.41025641025641024,0.66,0.3508771929824561,0.2,0.25,0.22429906542056074,0.11455385982556071,0.14470075818680433,0.13932064137687278,0.035220734527074256,0.12763593111278865,0.12523771753699664,0.00048828125,1.262177448353619e-29,0.125,1.0,0.03125,8.077935669463161e-28,0.5,1.0
s1,earn_no_ramp,A1,44,4,100,10.25,0.5313924431235443,0.6806451612903226,0.5387820005287692,0.5437037037037037,0.6018808777429467,0.8191277396502104,0.6464174454828661,0.35687732342007433,0.47007805724197743,0.4074074074074074,0.68,0.3284671532846715,0.23636363636363636,0.21153846153846154,0.22429906542056074,0.11507218214029374,0.14470075818680433,0.14006512705925592,0.035220734527074256,0.13240694185350343,0.12960058945943473,0.001953125,5.048709793414476e-29,0.25,1.0,0.25,6.462348535570529e-27,1.0,1.0
s1,earn_no_ramp,A2,42,1,100,10.14,0.5087987919242153,0.6808602150537635,0.5352486421489904,0.5099626400996264,0.6151142355008787,0.8174301675977653,0.6378378378378379,0.37209302325581395,0.4645161290322581,0.3835616438356164,0.6363636363636364,0.35507246376811596,0.2727272727272727,0.28846153846153844,0.2803738317757009,0.1866703996500627,0.14470075818680433,0.16292394522437334,0.1700811958918105,0.15405717593240956,0.21488391572006055,0.0625,0.0078125,6.462348535570529e-27,1.0,0.015625,5.169878828456423e-26,0.125,1.0
s1,earn_no_ramp,A2,43,1,100,10.19,0.5349864684411869,0.6810752688172043,0.5436110705720831,0.536535568450462,0.6184510250569476,0.8196573489630298,0.6336791699920191,0.3883495145631068,0.46313799621928164,0.44680851063829785,0.6262626262626263,0.3525423728813559,0.18181818181818182,0.25,0.21495327102803738,0.17840238396611297,0.14470075818680433,0.1665914985593428,0.1700811958918105,0.1535186774287945,0.2245107952913387,0.25,0.00390625,4.0389678347315804e-28,1.0,0.125,3.2311742677852644e-27,0.03125,1.0
s1,earn_no_ramp,A2,44,1,100,10.25,0.5232924029644375,0.683010752688172,0.5418015275234664,0.5303066892055059,0.6199756394640682,0.8199458483754513,0.6482861400894188,0.391304347826087,0.4678979771328056,0.4752475247524752,0.5853658536585366,0.3263888888888889,0.16363636363636364,0.28846153846153844,0.22429906542056074,0.18108979871615388,0.14470075818680433,0.16253073313901809,0.1700811958918105,0.1565741243650053,0.23735151369429533,0.0625,1.0,1.6155871338926322e-27,1.0,0.5,5.169878828456423e-26,1.0,1.0
s1,earn_no_ramp,A3,42,4,100,10.12,0.5389546373778759,0.6843010752688172,0.5536797889994591,0.5840425531914893,0.6235565819861432,0.8199643493761141,0.632768361581921,0.3591549295774648,0.46294602012808783,0.46808510638297873,0.7,0.362962962962963,0.21818181818181817,0.21153846153846154,0.21495327102803738,0.1692980189057516,0.14470075818680433,0.033601320194966956,0.035220734527074256,0.13634341852300588,0.027097322953597135,0.0625,0.00390625,0.0,0.0,0.015625,1.6543612251060553e-24,0.0,0.0
s1,earn_no_ramp,A3,43,4,100,9.85,0.5476629803470451,0.676989247311828,0.5491636244363546,0.5833263998668774,0.6097560975609756,0.8169265033407572,0.6195286195286195,0.3669064748201439,0.4589285714285714,0.453781512605042,0.7128712871287128,0.3546099290780142,0.16363636363636364,0.21153846153846154,0.18691588785046728,0.1625195604067335,0.14470075818680433,0.03547491484627061,0.035220734527074256,0.1432767636489565,0.027129942759790235,0.25,6.462348535570529e-27,0.0,0.0,0.125,2.168404344971009e-19,0.0,0.0
s1,earn_no_ramp,A3,44,4,100,9.89,0.5462665290127894,0.6804301075268817,0.5496574950100965,0.6042372881355932,0.5939086294416244,0.8194993412384717,0.6476642913697546,0.3409090909090909,0.4642233856893543,0.5084745762711864,0.7,0.3225806451612903,0.18181818181818182,0.19230769230769232,0.18691588785046728,0.166221038919279,0.14470075818680433,0.03498604522290346,0.035220734527074256,0.16439261004014566,0.0261613883985369,0.0625,0.000244140625,0.0,0.0,0.5,1.1368683772161603e-13,0.0,0.0
s1,earn_no_ramp,none,42,-1,100,10.14,0.5389546373778759,0.6843010752688172,0.5536797889994591,0.5840425531914893,0.6235565819861432,0.8199643493761141,0.632768361581921,0.3591549295774648,0.46294602012808783,0.46808510638297873,0.7,0.362962962962963,0.21818181818181817,0.21153846153846154,0.21495327102803738,0.1692980189057516,0.14470075818680433,,,0.13634341852300588,,0.0625,0.00390625,,,0.015625,1.6543612251060553e-24,,
s1,earn_no_ramp,none,43,-1,100,10.14,0.5476629803470451,0.676989247311828,0.5491636244363546,0.5833263998668774,0.6097560975609756,0.8169265033407572,0.6195286195286195,0.3669064748201439,0.4589285714285714,0.453781512605042,0.7128712871287128,0.3546099290780142,0.16363636363636364,0.21153846153846154,0.18691588785046728,0.1625195604067335,0.14470075818680433,,,0.1432767636489565,,0.25,6.462348535570529e-27,,,0.125,2.168404344971009e-19,,
s1,earn_no_ramp,none,44,-1,100,9.56,0.5462665290127894,0.6804301075268817,0.5496574950100965,0.6042372881355932,0.5939086294416244,0.8194993412384717,0.6476642913697546,0.3409090909090909,0.4642233856893543,0.5084745762711864,0.7,0.3225806451612903,0.18181818181818182,0.19230769230769232,0.18691588785046728,0.166221038919279,0.14470075818680433,,,0.16439261004014566,,0.0625,0.000244140625,,,0.5,1.1368683772161603e-13,,
s1,earn_real_signal,A1,42,4,100,9.68,0.5162212005035904,0.68,0.5270427822362325,0.5190826330532212,0.6066066066066066,0.8211488250652742,0.6187290969899666,0.3508771929824561,0.4626334519572954,0.4107142857142857,0.6274509803921569,0.3181818181818182,0.23636363636363636,0.25,0.24299065420560748,0.11138352769933485,0.14470075818680433,0.14865865667727282,0.035220734527074256,0.1059026318312859,0.2441588759627938,0.0,0.0,0.639646816253662,1.0,0.1,0.10003838548436761,1.0,1.0
s1,earn_real_signal,A1,43,4,100,9.76,0.5136942517536405,0.6739784946236559,0.5142720294545037,0.4812328767123287,0.6061320754716981,0.821483601144618,0.6053772766695577,0.32950191570881227,0.45733788395904434,0.3424657534246575,0.62,0.3318777292576419,0.18181818181818182,0.23076923076923078,0.205607476635514,0.11134746592172373,0.14470075818680433,0.16669666325967492,0.035220734527074256,0.10806355691706358,0.2386703557909069,0.0,0.0,0.216888427734375,1.0,0.2,0.00039067268371582035,0.9999999999999999,1.0
s1,earn_real_signal,A1,44,4,100,9.79,0.5092554583923079,0.6778494623655914,0.5160112599473996,0.4815338676724815,0.6009913258983891,0.8206031256878714,0.6373801916932907,0.3359375,0.4602510460251046,0.3492063492063492,0.6138613861386139,0.30985915492957744,0.21818181818181817,0.21153846153846154,0.21495327102803738,0.11333183182097444,0.14470075818680433,0.16526318987748576,0.035220734527074256,0.10366003703261034,0.23986598137447998,0.0,0.0,0.5,1.0,0.2,9.313225746154786e-11,1.0,1.0
s1,earn_real_signal,A2,42,1,100,9.88,0.4704828414284915,0.6802150537634408,0.49809607774520603,0.40889192886456904,0.6066746126340882,0.8227074235807861,0.6345381526104418,0.31851851851851853,0.4614019520851819,0.32941176470588235,0.4883720930232558,0.3231441048034934,0.2727272727272727,0.34615384615384615,0.308411214953271,0.1338121151083354,0.14470075818680433,0.24570367661119974,0.1700811958918105,0.10389625389015199,0.2978574123205896,0.4,0.2,0.6499999999999999,1.0,0.5,0.20156555250287062,1.0,1.0
s1,earn_real_signal,A2,43,1,100,9.99,0.487663561947161,0.676989247311828,0.5032342482835392,0.42731560891938253,0.6168757126567845,0.8207314336997981,0.6337115072933549,0.32142857142857145,0.4595300261096606,0.37735849056603776,0.4772727272727273,0.31896551724137934,0.2,0.3269230769230769,0.2616822429906542,0.13262543708122312,0.14470075818680433,0.2568917732974927,0.1700811958918105,0.1055350501954078,0.3076946838058724,0.6,0.075,0.44316406249999996,1.0,0.5,0.13335113823425218,1.0,1.0
s1,earn_real_signal,A2,44,1,100,9.71,0.4572990471395323,0.68,0.4883369291007631,0.36253164556962025,0.60880195599022,0.8213814342278927,0.644015444015444,0.3384615384615385,0.4612794612794613,0.32,0.4050632911392405,0.3076923076923077,0.2727272727272727,0.40384615384615385,0.3364485981308411,0.13675283906196217,0.14470075818680433,0.23261347843851815,0.1700811958918105,0.11252207521086248,0.3071719379497391,0.7499999999999999,0.18749999999999997,1.0,1.0,0.7999999999999999,0.025808719545648274,1.0,1.0
s1,earn_real_signal,A3,42,4,100,9.48,0.5231771403776213,0.6787096774193548,0.5363492965782439,0.5658328990793816,0.6133960047003525,0.8215911554303057,0.5969341749323716,0.32432432432432434,0.453537936913896,0.43859649122807015,0.693069306930693,0.34934497816593885,0.23636363636363636,0.21153846153846154,0.22429906542056074,0.12894854624728944,0.14470075818680433,0.11846396463952992,0.035220734527074256,0.09853844389780284,0.15852589538802364,0.4,0.4,0.36106567382812504,1.0,0.5,0.015625,1.0,1.0
s1,earn_real_signal,A3,43,4,100,9.75,0.5267731740701556,0.6729032258064516,0.5251004030580471,0.5556331633722149,0.6109215017064846,0.8197368421052632,0.5816135084427767,0.296875,0.45896147403685095,0.4316546762589928,0.6796116504854369,0.32142857142857145,0.16363636363636364,0.23076923076923078,0.19626168224299065,0.14245150466744752,0.14470075818680433,0.12203638041663853,0.035220734527074256,0.10762100081253514,0.16149323367169133,0.6,0.6,0.2525448799133301,1.0,0.5,0.0625,1.0,1.0
s1,earn_real_signal,A3,44,4,100,9.26,0.529197081603843,0.6774193548387096,0.5301097932327281,0.5681818181818181,0.608,0.8229415598522702,0.6124234470691163,0.3153526970954357,0.44715447154471544,0.4696969696969697,0.6666666666666666,0.2986425339366516,0.16363636363636364,0.19230769230769232,0.17757009345794392,0.14731840083954317,0.14470075818680433,0.12837508510588402,0.035220734527074256,0.11257096234986992,0.15893585221668338,0.7499999999999999,0.7499999999999999,0.282342529296875,1.0,0.7999999999999999,0.024999999999999998,1.0,1.0
s1,earn_real_signal,none,42,-1,100,9.81,0.5233236819954408,0.6789247311827957,0.5364994453688905,0.5658328990793816,0.6142102172636523,0.8215911554303057,0.5969341749323716,0.32432432432432434,0.4539249146757679,0.43859649122807015,0.693069306930693,0.34934497816593885,0.23636363636363636,0.21153846153846154,0.22429906542056074,0.12899251445841473,0.14470075818680433,,,0.09854645174074723,,0.4,0.4,,,0.5,0.015625,,
s1,earn_real_signal,none,43,-1,100,9.77,0.5267731740701556,0.6729032258064516,0.5251004030580471,0.5556331633722149,0.6109215017064846,0.8197368421052632,0.5816135084427767,0.296875,0.45896147403685095,0.4316546762589928,0.6796116504854369,0.32142857142857145,0.16363636363636364,0.23076923076923078,0.19626168224299065,0.14245686237256466,0.14470075818680433,,,0.1076242455798375,,0.6,0.6,,,0.5,0.0625,,
s1,earn_real_signal,none,44,-1,100,9.34,0.5291620475685392,0.6776344086021505,0.5301377835552501,0.5681818181818181,0.6078914919852034,0.8232739904472427,0.6124234470691163,0.3153526970954357,0.44715447154471544,0.4696969696969697,0.6666666666666666,0.2986425339366516,0.16363636363636364,0.19230769230769232,0.17757009345794392,0.14733603738014586,0.14470075818680433,,,0.11257136625008705,,0.7499999999999999,0.7499999999999999,,,0.7999999999999999,0.024999999999999998,,
s1,earn_step0.05,A1,42,4,100,9.7,0.5401982801442404,0.6870967741935484,0.5580053438149206,0.5790927930002302,0.6221441124780316,0.8207171314741036,0.6356340288924559,0.3793103448275862,0.46709916589434664,0.46511627906976744,0.693069306930693,0.38095238095238093,0.23636363636363636,0.21153846153846154,0.22429906542056074,0.1414111189339955,0.14470075818680433,0.06942075004980058,0.035220734527074256,0.14661339024278972,0.05358764808985587,7.324218750000001e-05,1.8932661725304286e-30,0.37790222170736737,0.37790222170736737,0.0005859375,2.6152316729886986e-27,0.05091146646779414,0.25
s1,earn_step0.05,A1,43,4,100,10.22,0.5451264157055808,0.68,0.5483132129368767,0.5705627705627706,0.6124346310284718,0.8192877681928776,0.620050547598989,0.38028169014084506,0.45871559633027525,0.43636363636363634,0.7047619047619048,0.3546099290780142,0.2,0.21153846153846154,0.205607476635514,0.14322054288776973,0.14470075818680433,0.06591175272264058,0.035220734527074256,0.14838932867083934,0.05105824588230059,0.002734375,7.068193710780265e-29,0.05728431203625703,0.35477773025631903,0.021875,5.654554968624212e-28,0.05682551468390969,0.2
s1,earn_step0.05,A1,44,4,100,9.87,0.5370266382534522,0.6806451612903226,0.5435791741492135,0.5704099821746881,0.5927802406586448,0.8190184049079755,0.6484375,0.3595505617977528,0.4642857142857143,0.45454545454545453,0.6862745098039216,0.3237410071942446,0.21818181818181817,0.19230769230769232,0.205607476635514,0.14547689568939431,0.14470075818680433,0.06307707718401434,0.035220734527074256,0.150685768899978,0.05481698100015636,0.0031249999999999997,8.07793566946316e-29,0.13544197526482132,0.27088395052964265,0.08124999999999999,4.336809109994673e-20,0.08848900414852366,0.25
s1,earn_step0.05,A2,42,1,100,10.32,0.5144515694775567,0.6832258064516129,0.5358203038726933,0.5035087719298246,0.6143106457242583,0.8185053380782918,0.6376360808709176,0.37209302325581395,0.4706994328922495,0.3333333333333333,0.6736842105263158,0.3663003663003663,0.2545454545454545,0.25,0.2523364485981308,0.15979748015462203,0.14470075818680433,0.17931879504111492,0.1700811958918105,0.15344949026134355,0.18849219940596196,0.01484375,0.0008668111234342385,4.745787205809607e-28,0.25,0.00390625,2.7868878059647906e-27,0.012701797579396157,0.8000000000000002
s1,earn_step0.05,A2,43,1,100,10.05,0.5297662991404288,0.6827956989247311,0.5446675716019314,0.5487528344671202,0.6181613085166384,0.8203177444618482,0.6318327974276527,0.3713355048859935,0.4665391969407266,0.4444444444444444,0.6530612244897959,0.3516483516483517,0.2,0.2692307692307692,0.2336448598130841,0.15977293237577667,0.14470075818680433,0.18048625461804121,0.1700811958918105,0.1560873945448185,0.1878283784361859,0.0265625,0.0020052083069693333,1.211690350419474e-28,0.3,0.0375,9.693522803355793e-28,0.028150184557307528,0.7500000000000001
s1,earn_step0.05,A2,44,1,100,10.2,0.5314900210952758,0.686236559139785,0.5493003378220715,0.5520094562647754,0.6205652435357787,0.8214607754733995,0.6527570789865872,0.391304347826087,0.4697508896797153,0.4444444444444444,0.6595744680851063,0.33454545454545453,0.18181818181818182,0.23076923076923078,0.205607476635514,0.16036482100089258,0.14470075818680433,0.1793023715311428,0.1700811958918105,0.1612715144383029,0.19051382680415602,0.017187499999999998,0.05258837975827622,2.423380700838948e-28,0.39999999999999997,0.35000000000000003,2.0679515313825693e-26,0.056719971448387745,0.8000000000000002
s1,earn_step0.05,A3,42,4,100,10.21,0.5417725424985717,0.6851612903225807,0.5570567463592819,0.5929947833493027,0.62004662004662,0.8206377325066431,0.6335504885993485,0.36619718309859156,0.46238532110091746,0.4731182795698925,0.7128712871287128,0.36764705882352944,0.21818181818181817,0.21153846153846154,0.21495327102803738,0.15773989438519465,0.14470075818680433,0.03710396753638313,0.035220734527074256,0.14326783450397604,0.033570678206521064,0.01484375,0.0008301019668579103,0.0,0.0,0.00390625,2.7868878059647906e-27,0.0,0.0
s1,earn_step0.05,A3,43,4,100,9.96,0.5477008328578452,0.6797849462365592,0.5508411333355122,0.5917297612114152,0.6096567771960442,0.8205467372134039,0.6152527849185947,0.36823104693140796,0.45958219800181654,0.47058823529411764,0.7128712871287128,0.35,0.16363636363636364,0.21153846153846154,0.18691588785046728,0.15820251219769862,0.14470075818680433,0.03713506706649988,0.035220734527074256,0.14780724100938858,0.03369642185677004,0.0265625,6.866245319043687e-28,0.0,0.0,0.0375,2.7131562865830523e-21,0.0,0.0
s1,earn_step0.05,A3,44,4,100,10.17,0.5474275969759492,0.6808602150537635,0.5507279833248794,0.6106729316999496,0.5929203539823009,0.8200306144762738,0.6442307692307693,0.3458646616541353,0.46601941747572817,0.5084745762711864,0.7128712871287128,0.3154121863799283,0.16363636363636364,0.19230769230769232,0.17757009345794392,0.15819576539311334,0.14470075818680433,0.036984891466408494,0.035220734527074256,0.15707320951983517,0.03339502631027713,0.017187499999999998,1.220703125e-05,0.0,0.0,0.35000000000000003,5.684434048890291e-15,0.0,0.0
s1,earn_step0.05,none,42,-1,100,9.92,0.5417725424985717,0.6851612903225807,0.5570567463592819,0.5929947833493027,0.62004662004662,0.8206377325066431,0.6335504885993485,0.36619718309859156,0.46238532110091746,0.4731182795698925,0.7128712871287128,0.36764705882352944,0.21818181818181817,0.21153846153846154,0.21495327102803738,0.15773989438519465,0.14470075818680433,,,0.14326783450397604,,0.01484375,0.0008301019668579103,,,0.00390625,2.7868878059647906e-27,,
s1,earn_step0.05,none,43,-1,100,10.03,0.5477008328578452,0.6797849462365592,0.5508411333355122,0.5917297612114152,0.6096567771960442,0.8205467372134039,0.6152527849185947,0.36823104693140796,0.45958219800181654,0.47058823529411764,0.7128712871287128,0.35,0.16363636363636364,0.21153846153846154,0.18691588785046728,0.15820251219769862,0.14470075818680433,,,0.14780724100938858,,0.0265625,6.866245319043687e-28,,,0.0375,2.7131562865830523e-21,,
s1,earn_step0.05,none,44,-1,100,9.93,0.5474275969759492,0.6808602150537635,0.5507279833248794,0.6106729316999496,0.5929203539823009,0.8200306144762738,0.6442307692307693,0.3458646616541353,0.46601941747572817,0.5084745762711864,0.7128712871287128,0.3154121863799283,0.16363636363636364,0.19230769230769232,0.17757009345794392,0.15819576539311334,0.14470075818680433,,,0.15707320951983517,,0.017187499999999998,1.220703125e-05,,,0.35000000000000003,5.684434048890291e-15,,
s1,earn_step0.2,A1,42,4,100,10.35,0.5398657920493007,0.6845161290322581,0.5539050679698687,0.5678563560255563,0.6192419825072887,0.8199643493761141,0.6382636655948553,0.37542662116040953,0.46167883211678834,0.449438202247191,0.6862745098039216,0.38095238095238093,0.23636363636363636,0.21153846153846154,0.22429906542056074,0.12664585044596316,0.14470075818680433,0.10421173997363069,0.035220734527074256,0.13934568407077377,0.07662593367268553,0.00029296875000000004,7.573064690121714e-30,0.5255765547628803,0.7615683087574099,0.001953125,5.048709793414476e-29,0.08216146286980051,0.7
s1,earn_step0.2,A1,43,4,100,11.11,0.5411909522917576,0.6778494623655914,0.5438213597563941,0.5564111148309341,0.6119837114601513,0.8172949002217295,0.6162888329135181,0.3711340206185567,0.4601449275362319,0.41379310344827586,0.6990291262135923,0.3609022556390977,0.2,0.21153846153846154,0.205607476635514,0.1311570589341772,0.14470075818680433,0.09634471073127393,0.035220734527074256,0.14178155530316164,0.0787861295158014,0.00390625,1.0097419586828951e-28,0.07896353829466174,0.6845234529173467,0.06875,1.7771458472818955e-27,0.22667413455734028,0.8
s1,earn_step0.2,A1,44,4,100,13.53,0.5299340791762585,0.6802150537634408,0.540131585875383,0.5523199378761405,0.5963360707517372,0.818041804180418,0.6464174454828661,0.3582089552238806,0.4689413823272091,0.43137254901960786,0.6732673267326733,0.3284671532846715,0.2545454545454545,0.21153846153846154,0.2336448598130841,0.13309233835461792,0.14470075818680433,0.09592472727260339,0.035220734527074256,0.1438565693957017,0.08403054765101216,0.00390625,1.0097419586828951e-28,0.319368121877297,0.6546176752692304,0.225,5.816113682013476e-27,0.2269815292864588,0.8
s1,earn_step0.2,A2,42,1,100,13.93,0.5192768097689746,0.6797849462365592,0.5397995867262583,0.5260312944523471,0.614768174012593,0.8154989862581663,0.6377708978328174,0.3708609271523179,0.46511627906976744,0.3783783783783784,0.6736842105263158,0.36231884057971014,0.2545454545454545,0.25,0.2523364485981308,0.1714096791401399,0.14470075818680433,0.1716969438804128,0.1700811958918105,0.15585708357606143,0.19477724555773507,0.059375,0.0034672440155218698,1.898314882323843e-27,1.0,0.040624999999999994,1.2440020930973268e-26,0.05080719031758463,1.0
s1,earn_step0.2,A2,43,1,100,14.01,0.5308434367677823,0.6821505376344086,0.5444640356391668,0.5496771269967147,0.6170454545454546,0.8209156193895871,0.6335204490777867,0.37254901960784315,0.4660377358490566,0.43956043956043955,0.6597938144329897,0.3462897526501767,0.2,0.25,0.22429906542056074,0.16751227558781415,0.14470075818680433,0.17537543478753034,0.1700811958918105,0.15698230069151697,0.19687096346428695,0.08125,0.008020833227877333,4.0389678347315804e-28,1.0,0.0875,2.261821987449685e-27,0.11260073783341798,1.0
s1,earn_step0.2,A2,44,1,100,13.8,0.5365608232610044,0.6847311827956989,0.5540412399231542,0.5735156615240766,0.6212303980699638,0.8204201490851593,0.6482449589245706,0.391304347826087,0.4672566371681416,0.4731182795698925,0.6739130434782609,0.3368421052631579,0.18181818181818182,0.23076923076923078,0.205607476635514,0.1683222476108187,0.14470075818680433,0.17291743575862042,0.1700811958918105,0.16260333242341624,0.20146915560905512,0.04375,0.2075205095165336,7.270142102516845e-28,1.0,0.5,3.618915179919496e-26,0.2259399428967755,1.0
s1,earn_step0.2,A3,42,4,100,13.87,0.5415114893991906,0.6843010752688172,0.5561729558846733,0.5929947833493027,0.6234817813765182,0.8202047174009791,0.6298701298701299,0.3591549295774648,0.46167883211678834,0.4731182795698925,0.7128712871287128,0.36900369003690037,0.21818181818181817,0.21153846153846154,0.21495327102803738,0.16491701703345632,0.14470075818680433,0.03560390550431159,0.035220734527074256,0.13725144370645087,0.02929834257285977,0.059375,0.0033204078674316435,0.0,0.0,0.040624999999999994,4.555955717577223e-26,0.0,0.0
s1,earn_step0.2,A3,43,4,100,13.92,0.5461687872571096,0.6789247311827957,0.5488864559302652,0.5833263998668774,0.6103669190448456,0.8195705114013726,0.6187658495350803,0.36823104693140796,0.45750452079566006,0.453781512605042,0.7128712871287128,0.35,0.16363636363636364,0.21153846153846154,0.18691588785046728,0.16134529739992806,0.14470075818680433,0.036153303535324144,0.035220734527074256,0.14333281457739702,0.030104988129970797,0.08125,2.100263274060422e-27,0.0,0.0,0.0875,1.0852618683983674e-20,0.0,0.0
s1,earn_step0.2,A3,44,4,100,13.33,0.5431125988351799,0.6795698924731183,0.5463026052427084,0.5943979013285944,0.5934343434343434,0.8188214599824098,0.6482213438735178,0.3409090909090909,0.4636920384951881,0.49572649572649574,0.693069306930693,0.31654676258992803,0.16363636363636364,0.19230769230769232,0.17757009345794392,0.16190675545876684,0.14470075818680433,0.03588303041031049,0.035220734527074256,0.15923501824254374,0.02953105033028728,0.04375,4.8828125e-05,0.0,0.0,0.5,2.5580275777928124e-14,0.0,0.0
s1,earn_step0.2,none,42,-1,100,10.15,0.5415114893991906,0.6843010752688172,0.5561729558846733,0.5929947833493027,0.6234817813765182,0.8202047174009791,0.6298701298701299,0.3591549295774648,0.46167883211678834,0.4731182795698925,0.7128712871287128,0.36900369003690037,0.21818181818181817,0.21153846153846154,0.21495327102803738,0.16491701703345632,0.14470075818680433,,,0.13725144370645087,,0.059375,0.0033204078674316435,,,0.040624999999999994,4.555955717577223e-26,,
s1,earn_step0.2,none,43,-1,100,10.29,0.5461687872571096,0.6789247311827957,0.5488864559302652,0.5833263998668774,0.6103669190448456,0.8195705114013726,0.6187658495350803,0.36823104693140796,0.45750452079566006,0.453781512605042,0.7128712871287128,0.35,0.16363636363636364,0.21153846153846154,0.18691588785046728,0.16134529739992806,0.14470075818680433,,,0.14333281457739702,,0.08125,2.100263274060422e-27,,,0.0875,1.0852618683983674e-20,,
s1,earn_step0.2,none,44,-1,100,9.92,0.5431125988351799,0.6795698924731183,0.5463026052427084,0.5943979013285944,0.5934343434343434,0.8188214599824098,0.6482213438735178,0.3409090909090909,0.4636920384951881,0.49572649572649574,0.693069306930693,0.31654676258992803,0.16363636363636364,0.19230769230769232,0.17757009345794392,0.16190675545876684,0.14470075818680433,,,0.15923501824254374,,0.04375,4.8828125e-05,,,0.5,2.5580275777928124e-14,,
s1,earn_tau10,A1,42,4,100,9.97,0.5354016100084151,0.6860215053763441,0.5510783950380723,0.5683760683760684,0.6186291739894552,0.8203419942260715,0.6449044585987261,0.3716216216216216,0.46444644464446444,0.4444444444444444,0.6923076923076923,0.351931330472103,0.23636363636363636,0.21153846153846154,0.22429906542056074,0.1325743739450633,0.14470075818680433,0.08800264423975007,0.035220734527074256,0.14232150507578306,0.06554635423925628,0.00014648437500000002,3.786532345060857e-30,0.37684135437703714,0.5536827087540743,0.001171875,5.230463345977397e-27,0.05091146646778331,0.5
s1,earn_tau10,A1,43,4,100,10.06,0.5383827795247056,0.6787096774193548,0.5411884776906923,0.5557707828894269,0.6120789779326364,0.8184642698624057,0.6209205020920502,0.3561643835616438,0.4614019520851819,0.4067796610169492,0.7047619047619048,0.34893617021276596,0.2,0.21153846153846154,0.205607476635514,0.13621727179284573,0.14470075818680433,0.08012664450917784,0.035220734527074256,0.14494081127324318,0.061860704372632316,0.001953125,5.048709793414476e-29,0.10400734004839629,0.41602936019358516,0.04375,1.1309109937248425e-27,0.11365100348968057,0.4
s1,earn_tau10,A1,44,4,100,10.01,0.5323723050636511,0.6823655913978495,0.5435253094372847,0.5580905259299982,0.5924528301886792,0.8183817062445031,0.6569005397070162,0.36764705882352944,0.4662045060658579,0.42990654205607476,0.6862745098039216,0.33043478260869563,0.2545454545454545,0.19230769230769232,0.22429906542056074,0.13759776830106024,0.14470075818680433,0.08063196856397266,0.035220734527074256,0.1475473911347325,0.0685811225225104,0.002734375,7.068193710780265e-29,0.269987394645348,0.539974789290696,0.175,8.673618284612831e-20,0.11349078088395045,0.5
s1,earn_tau10,A2,42,1,100,9.8,0.5131057813824378,0.6827956989247311,0.5365268601740735,0.5175438596491228,0.6142191142191142,0.8178372352285396,0.6436251920122887,0.3684210526315789,0.46408839779005523,0.3684210526315789,0.6666666666666666,0.34893617021276596,0.2545454545454545,0.25,0.2523364485981308,0.16572118962439653,0.14470075818680433,0.17710096810270995,0.1700811958918105,0.15336082208942867,0.1929991373557944,0.10624999999999998,0.0016724750633560514,1.5751974555453163e-27,0.5,0.021875,6.300789822181266e-27,0.02540378627166433,1.0
s1,earn_tau10,A2,43,1,100,9.68,0.5256556160865012,0.6834408602150538,0.5401466807650688,0.543921916592724,0.6211180124223602,0.8214205691239077,0.6347687400318979,0.36538461538461536,0.4678030303030303,0.43478260869565216,0.6530612244897959,0.3228346456692913,0.2,0.25,0.22429906542056074,0.16282197388919983,0.14470075818680433,0.179539237536703,0.1700811958918105,0.1587144700528866,0.19146822345348966,0.053125,0.003958326962311005,2.423380700838948e-28,0.6,0.125,3.2311742677852644e-27,0.056300369114615056,1.0
s1,earn_tau10,A2,44,1,100,9.84,0.5289739081356182,0.6853763440860215,0.5464549053364995,0.5508398656215006,0.6223818073010173,0.8198870056497175,0.654357459379616,0.38028169014084506,0.46532045654082527,0.4421052631578947,0.6595744680851063,0.3277310924369748,0.18181818181818182,0.23076923076923078,0.205607476635514,0.16330637975525097,0.14470075818680433,0.17778236358223717,0.1700811958918105,0.1637674200256771,0.1958771118490042,0.034374999999999996,0.10376024264974804,1.6155871338926322e-27,0.7999999999999999,0.5,3.1019272970738537e-26,0.11343994290009524,1.0
s1,earn_tau10,A3,42,4,100,9.49,0.5354388927260312,0.6866666666666666,0.5513869999538207,0.5821078431372549,0.6242038216560509,0.8214127054642382,0.6420545746388443,0.3611111111111111,0.4618149146451033,0.4583333333333333,0.7058823529411765,0.336283185840708,0.21818181818181817,0.21153846153846154,0.21495327102803738,0.16234779468740654,0.14470075818680433,0.036250013561550436,0.035220734527074256,0.13844094588466282,0.030957753587848625,0.10624999999999998,5.960478689087668e-09,0.0,0.0,0.021875,2.113187971131563e-25,0.0,0.0
s1,earn_tau10,A3,43,4,100,9.67,0.5359301132580278,0.6787096774193548,0.5425235974062848,0.5833263998668774,0.6096567771960442,0.8198098607119169,0.62248322147651,0.34285714285714286,0.455584872471416,0.453781512605042,0.7128712871287128,0.3231441048034934,0.16363636363636364,0.21153846153846154,0.18691588785046728,0.16045634932435385,0.14470075818680433,0.03666251264242861,0.035220734527074256,0.14727723232220571,0.03149279313002157,0.053125,1.3732490638087373e-27,0.0,0.0,0.125,2.7864101970489814e-18,0.0,0.0
s1,earn_tau10,A3,44,4,100,9.82,0.5419333858186676,0.6810752688172043,0.5469392950797254,0.5932120420983927,0.5920804525455688,0.8181019332161688,0.6531566640685893,0.34328358208955223,0.4624676445211389,0.48739495798319327,0.6990291262135923,0.32,0.16363636363636364,0.17307692307692307,0.16822429906542055,0.1600382677182379,0.14470075818680433,0.036330144643846256,0.035220734527074256,0.1583650941549495,0.03093462649696608,0.034374999999999996,2.44140625e-05,0.0,0.0,0.5,2.935963321457916e-12,0.0,0.0
s1,earn_tau10,none,42,-1,100,10.41,0.5354388927260312,0.6866666666666666,0.5513869999538207,0.5821078431372549,0.6242038216560509,0.8214127054642382,0.6420545746388443,0.3611111111111111,0.4618149146451033,0.4583333333333333,0.7058823529411765,0.336283185840708,0.21818181818181817,0.21153846153846154,0.21495327102803738,0.16234779468740654,0.14470075818680433,,,0.13844094588466282,,0.10624999999999998,5.960478689087668e-09,,,0.021875,2.113187971131563e-25,,
s1,earn_tau10,none,43,-1,100,10.27,0.5359301132580278,0.6787096774193548,0.5425235974062848,0.5833263998668774,0.6096567771960442,0.8198098607119169,0.62248322147651,0.34285714285714286,0.455584872471416,0.453781512605042,0.7128712871287128,0.3231441048034934,0.16363636363636364,0.21153846153846154,0.18691588785046728,0.16045634932435385,0.14470075818680433,,,0.14727723232220571,,0.053125,1.3732490638087373e-27,,,0.125,2.7864101970489814e-18,,
s1,earn_tau10,none,44,-1,100,10.05,0.5419333858186676,0.6810752688172043,0.5469392950797254,0.5932120420983927,0.5920804525455688,0.8181019332161688,0.6531566640685893,0.34328358208955223,0.4624676445211389,0.48739495798319327,0.6990291262135923,0.32,0.16363636363636364,0.17307692307692307,0.16822429906542055,0.1600382677182379,0.14470075818680433,,,0.1583650941549495,,0.034374999999999996,2.44140625e-05,,,0.5,2.935963321457916e-12,,
s1,earn_tau40,A1,42,4,100,9.64,0.5362369440117457,0.6849462365591398,0.5509012487769418,0.560736057800858,0.6182669789227166,0.8213333333333334,0.6348178137651822,0.37037037037037035,0.46781504986400724,0.4418604651162791,0.6796116504854369,0.373134328358209,0.23636363636363636,0.21153846153846154,0.22429906542056074,0.12282859078176207,0.14470075818680433,0.15305918657984768,0.035220734527074256,0.14076753092531585,0.06727206595950673,0.0001220703125,3.1554436208840472e-30,0.8118959873914717,0.9874999999999998,0.001171875,5.230463345977397e-27,0.050911601758830465,0.5
s1,earn_tau40,A1,43,4,100,9.97,0.5346891074068755,0.6782795698924731,0.54055760575792,0.5431372549019609,0.6101895734597157,0.819047619047619,0.6206896551724138,0.37333333333333335,0.46059544658493873,0.4,0.6862745098039216,0.3543307086614173,0.2,0.23076923076923078,0.21495327102803738,0.12270138213728796,0.14470075818680433,0.16446710053890065,0.035220734527074256,0.14351214382698502,0.06849354870573145,4.8828125e-05,1.262177448353619e-30,0.4301890909671783,0.9562499999999998,0.04375,1.1309109937248425e-27,0.17730205874339156,0.5
s1,earn_tau40,A1,44,4,100,9.78,0.5317947692745446,0.6797849462365592,0.5389522602350479,0.5352564102564102,0.5948002536461636,0.8182218309859155,0.6467348544453186,0.38620689655172413,0.46678321678321677,0.40384615384615385,0.6666666666666666,0.3283582089552239,0.2545454545454545,0.21153846153846154,0.2336448598130841,0.12329910180371727,0.14470075818680433,0.15559772566005786,0.035220734527074256,0.14711912655397,0.07274260587330172,0.0003173828125,8.204153414298523e-30,0.3686544179916381,0.7999999999999999,0.15,8.67361815536586e-20,0.17818187353580228,0.4072798125826921
s1,earn_tau40,A2,42,1,100,9.91,0.5137216591446203,0.6819354838709677,0.5332611294935801,0.5047619047619047,0.6168446026097272,0.8184245660881175,0.639751552795031,0.36477987421383645,0.46511627906976744,0.34285714285714286,0.6666666666666666,0.3516483516483517,0.2545454545454545,0.25,0.2523364485981308,0.15730637781746418,0.14470075818680433,0.20715265468344435,0.1700811958918105,0.15210361947801365,0.19196397040026833,0.6,1.5509636485369268e-26,0.3073922911954259,0.3697061841160576,0.00390625,5.371827220193002e-27,0.025403595253749245,1.0
s1,earn_tau40,A2,43,1,100,10.05,0.528949828928609,0.6827956989247311,0.5413502730515051,0.537641723356009,0.6172553561088593,0.8232672164029419,0.6294498381877023,0.38650306748466257,0.4632768361581921,0.4222222222222222,0.6530612244897959,0.3357664233576642,0.2,0.25,0.22429906542056074,0.15735350505213253,0.14470075818680433,0.20624549864541605,0.1700811958918105,0.15676414398238658,0.19221950952202627,0.9499999999999998,2.4556924435168005e-26,0.03946166809388993,0.31616643744055184,0.075,1.9387045606711585e-27,0.056300369120435845,1.0
s1,earn_tau40,A2,44,1,100,10.05,0.527726271242922,0.6843010752688172,0.5453597830236354,0.5388157894736842,0.6235649546827795,0.8210812033476589,0.6467065868263473,0.39464882943143814,0.46830985915492956,0.425,0.6526315789473685,0.33093525179856115,0.2,0.23076923076923078,0.21495327102803738,0.15522331167618017,0.14470075818680433,0.21161887888091233,0.1700811958918105,0.16368681691540804,0.1961399798826552,0.9499999999999998,2.4556924435168005e-26,0.13468131138846218,0.33872524555384875,0.5,3.1019272970738537e-26,0.11343994289718486,1.0
s1,earn_tau40,A3,42,4,100,9.87,0.5449273300273584,0.6838709677419355,0.5576294103035584,0.5929947833493027,0.619324796274738,0.8206835330670218,0.6312346688470973,0.3860759493670886,0.4568245125348189,0.4731182795698925,0.7128712871287128,0.3609022556390977,0.21818181818181817,0.21153846153846154,0.21495327102803738,0.17849094493499,0.14470075818680433,0.03524103222531489,0.035220734527074256,0.13847684026514143,0.031860867438750884,0.6,0.0023020386710947754,0.0,0.0,0.00390625,5.371827220193002e-27,0.0,0.0
s1,earn_tau40,A3,43,4,100,9.83,0.5447112749082821,0.6780645161290323,0.5449210274180586,0.5833263998668774,0.6134897360703813,0.8215309949260975,0.6080964685615848,0.3682539682539683,0.45662100456621,0.453781512605042,0.7128712871287128,0.3247232472324723,0.16363636363636364,0.21153846153846154,0.18691588785046728,0.17481406488517223,0.14470075818680433,0.03564203271422559,0.035220734527074256,0.1464692553556683,0.032078314628768305,0.9499999999999998,0.0003906250000000035,0.0,0.0,0.075,2.650855369291031e-24,0.0,0.0
s1,earn_tau40,A3,44,4,100,9.86,0.5518180243612637,0.6812903225806451,0.5549907641648022,0.6086206896551725,0.5944233206590621,0.8198730575618297,0.6420545746388443,0.3822525597269625,0.46524064171123,0.5172413793103449,0.7,0.3188405797101449,0.16363636363636364,0.21153846153846154,0.18691588785046728,0.17796349647803067,0.14470075818680433,0.03529683899044342,0.035220734527074256,0.15965901420916667,0.03166730893003482,0.9499999999999998,2.4890899682407435e-05,0.0,0.0,0.5,9.21621477449432e-20,0.0,0.0
s1,earn_tau40,none,42,-1,100,9.62,0.5449273300273584,0.6838709677419355,0.5576294103035584,0.5929947833493027,0.619324796274738,0.8206835330670218,0.6312346688470973,0.3860759493670886,0.4568245125348189,0.4731182795698925,0.7128712871287128,0.3609022556390977,0.21818181818181817,0.21153846153846154,0.21495327102803738,0.17849094493499,0.14470075818680433,,,0.13847684026514143,,0.6,0.0023020386710947754,,,0.00390625,5.371827220193002e-27,,
s1,earn_tau40,none,43,-1,100,9.52,0.5447112749082821,0.6780645161290323,0.5449210274180586,0.5833263998668774,0.6134897360703813,0.8215309949260975,0.6080964685615848,0.3682539682539683,0.45662100456621,0.453781512605042,0.7128712871287128,0.3247232472324723,0.16363636363636364,0.21153846153846154,0.18691588785046728,0.17481406488517223,0.14470075818680433,,,0.1464692553556683,,0.9499999999999998,0.0003906250000000035,,,0.075,2.650855369291031e-24,,
s1,earn_tau40,none,44,-1,100,9.77,0.5518180243612637,0.6812903225806451,0.5549907641648022,0.6086206896551725,0.5944233206590621,0.8198730575618297,0.6420545746388443,0.3822525597269625,0.46524064171123,0.5172413793103449,0.7,0.3188405797101449,0.16363636363636364,0.21153846153846154,0.18691588785046728,0.17796349647803067,0.14470075818680433,,,0.15965901420916667,,0.9499999999999998,2.4890899682407435e-05,,,0.5,9.21621477449432e-20,,
s1,fedavg,A1,42,4,100,10.36,0.527596964510546,0.6836559139784947,0.5453697202629821,0.5571971295905446,0.6128845037724898,0.8181818181818182,0.6427406199021207,0.3541666666666667,0.46251129177958444,0.43478260869565216,0.6796116504854369,0.35807860262008734,0.23636363636363636,0.21153846153846154,0.22429906542056074,0.1447007581868043,0.14470075818680433,0.03522073452707425,0.035220734527074256,0.1447007581868043,0.03522073452707425,,,,,,,,
s1,fedavg,A1,43,4,100,10.39,0.5281178659505645,0.6793548387096774,0.5372356472498809,0.5575236167341431,0.6074766355140186,0.8215532286212914,0.6136363636363636,0.33691756272401435,0.4554280670785525,0.40350877192982454,0.7115384615384616,0.34782608695652173,0.21818181818181817,0.21153846153846154,0.21495327102803738,0.1447007581868043,0.14470075818680433,0.03522073452707425,0.035220734527074256,0.1447007581868043,0.03522073452707425,,,,,,,,
s1,fedavg,A1,44,4,100,10.64,0.5235692878502332,0.6808602150537635,0.5358502169649162,0.5453571428571429,0.5952080706179067,0.8191721132897604,0.6455194290245837,0.34814814814814815,0.46060606060606063,0.4107142857142857,0.68,0.3274336283185841,0.2545454545454545,0.19230769230769232,0.22429906542056074,0.1447007581868043,0.14470075818680433,0.03522073452707425,0.035220734527074256,0.1447007581868043,0.03522073452707425,,,,,,,,
s1,fedavg,A2,42,1,100,10.73,0.44498066892591764,0.6746236559139785,0.4706967507974063,0.26772247360482654,0.5981087470449172,0.8161395856052345,0.6372549019607843,0.36423841059602646,0.45155555555555554,0.17647058823529413,0.358974358974359,0.36283185840707965,0.3090909090909091,0.4807692307692308,0.3925233644859813,0.1447007581868043,0.14470075818680433,0.17008119589181053,0.1700811958918105,0.1447007581868043,0.17008119589181053,,,,,,,,
s1,fedavg,A2,43,1,100,12.26,0.45167371581689664,0.6741935483870968,0.47558541191801185,0.3134920634920635,0.605568445475638,0.819629225736096,0.6183986371379898,0.3356643356643357,0.45390070921985815,0.2222222222222222,0.40476190476190477,0.3445378151260504,0.3090909090909091,0.4423076923076923,0.37383177570093457,0.1447007581868043,0.14470075818680433,0.17008119589181053,0.1700811958918105,0.1447007581868043,0.17008119589181053,,,,,,,,
s1,fedavg,A2,44,1,100,12.41,0.44783912419876104,0.6761290322580645,0.47190948549406453,0.2772649037709279,0.5941213258286429,0.8189561039528281,0.6442533229085223,0.37037037037037035,0.45971162001696353,0.21686746987951808,0.33766233766233766,0.3333333333333333,0.32727272727272727,0.46153846153846156,0.3925233644859813,0.1447007581868043,0.14470075818680433,0.17008119589181053,0.1700811958918105,0.1447007581868043,0.17008119589181053,,,,,,,,
s1,fedavg,A3,42,4,100,11.79,0.4827983987970079,0.6378494623655914,0.5053695197172114,0.568074031231926,0.5772960638904735,0.8037213523939187,0.5264207377866401,0.27385892116182575,0.4077540106951872,0.4835164835164835,0.6526315789473685,0.3177570093457944,0.2,0.23076923076923078,0.21495327102803738,0.1447007581868043,0.14470075818680433,0.03522073452707425,0.035220734527074256,0.1447007581868043,0.03522073452707425,,,,,,,,
s1,fedavg,A3,43,4,100,11.66,0.48815972179555506,0.6275268817204301,0.494353506240901,0.5640616693248273,0.5761363636363637,0.7995428571428571,0.49266247379454925,0.26666666666666666,0.39504563233376794,0.42105263157894735,0.7070707070707071,0.2966507177033493,0.16363636363636364,0.19230769230769232,0.17757009345794392,0.1447007581868043,0.14470075818680433,0.03522073452707425,0.035220734527074256,0.1447007581868043,0.03522073452707425,,,,,,,,
s1,fedavg,A3,44,4,100,12.0,0.49652214404888706,0.6505376344086021,0.5112495601865972,0.5762421473443746,0.582356570018507,0.8123336291038155,0.5638599810785241,0.25663716814159293,0.4116452268111036,0.44660194174757284,0.7058823529411765,0.3106796116504854,0.21818181818181817,0.19230769230769232,0.205607476635514,0.1447007581868043,0.14470075818680433,0.03522073452707425,0.035220734527074256,0.1447007581868043,0.03522073452707425,,,,,,,,
s1,fedavg,none,42,-1,100,10.39,0.5316982249887235,0.6832258064516129,0.5500393734965736,0.5869837296620777,0.6132404181184669,0.8184222124283825,0.639344262295082,0.35172413793103446,0.4584837545126354,0.46808510638297873,0.7058823529411765,0.34513274336283184,0.21818181818181817,0.21153846153846154,0.21495327102803738,0.1447007581868043,0.14470075818680433,,,0.1447007581868043,,,,,,,,,
s1,fedavg,none,43,-1,100,10.36,0.5359053955326647,0.68,0.5443489635160227,0.5915586573612496,0.6081871345029239,0.8210388476647752,0.6145833333333334,0.33935018050541516,0.45663716814159294,0.4576271186440678,0.7254901960784313,0.3318777292576419,0.16363636363636364,0.21153846153846154,0.18691588785046728,0.1447007581868043,0.14470075818680433,,,0.1447007581868043,,,,,,,,,
s1,fedavg,none,44,-1,100,10.68,0.5400537637167921,0.6817204301075269,0.5477862317831702,0.5987038883349951,0.5939470365699874,0.8191512513601741,0.648605577689243,0.34814814814814815,0.4564459930313589,0.4915254237288136,0.7058823529411765,0.3185840707964602,0.16363636363636364,0.19230769230769232,0.17757009345794392,0.1447007581868043,0.14470075818680433,,,0.1447007581868043,,,,,,,,,
s1,fedavg_clipped,A1,42,4,100,12.05,0.5342965850976519,0.6855913978494623,0.5508882527443522,0.5753210147196993,0.6181606519208381,0.8179814896430145,0.6437149719775821,0.36666666666666664,0.46211412535079516,0.45161290322580644,0.6990291262135923,0.34782608695652173,0.23636363636363636,0.21153846153846154,0.22429906542056074,0.1447007581868043,0.14470075818680433,0.03522073452707425,0.035220734527074256,0.1447007581868043,0.03522073452707425,,,,,,,,
s1,fedavg_clipped,A1,43,4,100,12.28,0.53911348839296,0.6823655913978495,0.5459459319488053,0.5662955465587045,0.6085430076067876,0.8192560175054705,0.6287625418060201,0.3716216216216216,0.46225535880708296,0.42105263157894735,0.7115384615384616,0.3445378151260504,0.2,0.21153846153846154,0.205607476635514,0.1447007581868043,0.14470075818680433,0.03522073452707425,0.035220734527074256,0.1447007581868043,0.03522073452707425,,,,,,,,
s1,fedavg_clipped,A1,44,4,100,12.2,0.5393141258381215,0.6838709677419355,0.5481444750317883,0.5810113519091847,0.5929203539823009,0.818935427574171,0.6558641975308642,0.3709090909090909,0.46415770609318996,0.45614035087719296,0.7058823529411765,0.3203463203463203,0.21818181818181817,0.17307692307692307,0.19626168224299065,0.1447007581868043,0.14470075818680433,0.03522073452707425,0.035220734527074256,0.1447007581868043,0.03522073452707425,,,,,,,,
s1,fedavg_clipped,A2,42,1,100,12.69,0.5122630994612444,0.687741935483871,0.537590008825727,0.5058561897702001,0.6147635524798154,0.8191701797204349,0.6524714828897339,0.3778501628664495,0.47729468599033814,0.3380281690140845,0.6736842105263158,0.3474576271186441,0.2545454545454545,0.25,0.2523364485981308,0.1447007581868043,0.14470075818680433,0.17008119589181053,0.1700811958918105,0.1447007581868043,0.17008119589181053,,,,,,,,
s1,fedavg_clipped,A2,43,1,100,12.35,0.5274746044581324,0.6866666666666666,0.5432556920660484,0.5507246376811594,0.6245772266065389,0.8227960819234195,0.6414499605988968,0.37254901960784315,0.45911330049261084,0.43478260869565216,0.6666666666666666,0.3241106719367589,0.18181818181818182,0.23076923076923078,0.205607476635514,0.1447007581868043,0.14470075818680433,0.17008119589181053,0.1700811958918105,0.1447007581868043,0.17008119589181053,,,,,,,,
s1,fedavg_clipped,A2,44,1,100,12.45,0.5300094574207578,0.6883870967741935,0.5495186657777825,0.5580524344569289,0.6172393007836046,0.8208687863860278,0.664718772826881,0.3819444444444444,0.46605504587155966,0.449438202247191,0.6666666666666666,0.3292181069958848,0.18181818181818182,0.23076923076923078,0.205607476635514,0.1447007581868043,0.14470075818680433,0.17008119589181053,0.1700811958918105,0.1447007581868043,0.17008119589181053,,,,,,,,
s1,fedavg_clipped,A3,42,4,100,12.83,0.5368605945875897,0.6868817204301075,0.5533851718663896,0.5835571162982855,0.620569436374201,0.8200485758445573,0.6462530217566479,0.36486486486486486,0.4604051565377532,0.46808510638297873,0.6990291262135923,0.34782608695652173,0.21818181818181817,0.21153846153846154,0.21495327102803738,0.1447007581868043,0.14470075818680433,0.03522073452707425,0.035220734527074256,0.1447007581868043,0.03522073452707425,,,,,,,,
s1,fedavg_clipped,A3,43,4,100,13.25,0.5451499127325568,0.6836559139784947,0.5516676396641031,0.5896358543417367,0.6155632984901278,0.8209184794550648,0.6239460370994941,0.3680555555555556,0.462238398544131,0.453781512605042,0.7254901960784313,0.34334763948497854,0.16363636363636364,0.21153846153846154,0.18691588785046728,0.1447007581868043,0.14470075818680433,0.03522073452707425,0.035220734527074256,0.1447007581868043,0.03522073452707425,,,,,,,,
s1,fedavg_clipped,A3,44,4,100,12.84,0.5445444064136528,0.6834408602150538,0.553425600102036,0.6042988914276043,0.5933375235700817,0.818935427574171,0.6536050156739812,0.36900369003690037,0.45936395759717313,0.49572649572649574,0.7128712871287128,0.32456140350877194,0.16363636363636364,0.19230769230769232,0.17757009345794392,0.1447007581868043,0.14470075818680433,0.03522073452707425,0.035220734527074256,0.1447007581868043,0.03522073452707425,,,,,,,,
s1,fedavg_clipped,none,42,-1,100,11.84,0.5368605945875897,0.6868817204301075,0.5533851718663896,0.5835571162982855,0.620569436374201,0.8200485758445573,0.6462530217566479,0.36486486486486486,0.4604051565377532,0.46808510638297873,0.6990291262135923,0.34782608695652173,0.21818181818181817,0.21153846153846154,0.21495327102803738,0.1447007581868043,0.14470075818680433,,,0.1447007581868043,,,,,,,,,
s1,fedavg_clipped,none,43,-1,100,12.06,0.5451499127325568,0.6836559139784947,0.5516676396641031,0.5896358543417367,0.6155632984901278,0.8209184794550648,0.6239460370994941,0.3680555555555556,0.462238398544131,0.453781512605042,0.7254901960784313,0.34334763948497854,0.16363636363636364,0.21153846153846154,0.18691588785046728,0.1447007581868043,0.14470075818680433,,,0.1447007581868043,,,,,,,,,
s1,fedavg_clipped,none,44,-1,100,12.14,0.5445444064136528,0.6834408602150538,0.553425600102036,0.6042988914276043,0.5933375235700817,0.818935427574171,0.6536050156739812,0.36900369003690037,0.45936395759717313,0.49572649572649574,0.7128712871287128,0.32456140350877194,0.16363636363636364,0.19230769230769232,0.17757009345794392,0.1447007581868043,0.14470075818680433,,,0.1447007581868043,,,,,,,,,
s1,krum,A1,42,4,100,13.61,0.43011641685706575,0.6316129032258064,0.4592330376556722,0.5329545454545455,0.5446595877576514,0.7971141233056406,0.5531135531135531,0.17894736842105263,0.40159045725646125,0.475,0.5909090909090909,0.13253012048192772,0.2727272727272727,0.3269230769230769,0.29906542056074764,1.0,0.14470075818680433,0.0,0.035220734527074256,1.0,0.0,,,,,,,,
s1,krum,A1,43,4,100,13.69,0.44054880387330897,0.6251612903225806,0.45682290631459294,0.539733950260266,0.5490196078431373,0.7897574123989218,0.5576748410535877,0.14689265536723164,0.3984375,0.4421052631578947,0.6373626373626373,0.13333333333333333,0.23636363636363636,0.3076923076923077,0.27102803738317754,0.98,0.14470075818680433,0.0,0.035220734527074256,0.98,0.0,,,,,,,,
s1,krum,A1,44,4,100,13.4,0.44481052588738046,0.6350537634408602,0.4659734426407604,0.5633349826818407,0.5478036175710594,0.7976475713352211,0.5602901178603807,0.18556701030927836,0.40918032786885244,0.4883720930232558,0.6382978723404256,0.10062893081761007,0.2545454545454545,0.28846153846153844,0.27102803738317754,0.99,0.14470075818680433,0.0,0.035220734527074256,0.99,0.0,,,,,,,,
s1,krum,A2,42,1,100,13.88,0.43011641685706575,0.6316129032258064,0.4592330376556722,0.5329545454545455,0.5446595877576514,0.7971141233056406,0.5531135531135531,0.17894736842105263,0.40159045725646125,0.475,0.5909090909090909,0.13253012048192772,0.2727272727272727,0.3269230769230769,0.29906542056074764,1.0,0.14470075818680433,0.0,0.1700811958918105,1.0,0.0,,,,,,,,
s1,krum,A2,43,1,100,13.84,0.44440370229273096,0.6275268817204301,0.45936163004449865,0.543171114599686,0.5540460720614294,0.7906453789071284,0.5595667870036101,0.14857142857142858,0.4015748031496063,0.4489795918367347,0.6373626373626373,0.13414634146341464,0.21818181818181817,0.3076923076923077,0.2616822429906542,0.94,0.14470075818680433,0.0,0.1700811958918105,0.94,0.0,,,,,,,,
s1,krum,A2,44,1,100,13.77,0.45139067408997374,0.6410752688172043,0.4705747423119664,0.5622708456534595,0.5579014715291107,0.8008714596949891,0.5696316262353999,0.1958762886597938,0.4157754010695187,0.47191011235955055,0.6526315789473685,0.1,0.2545454545454545,0.2692307692307692,0.2616822429906542,0.93,0.14470075818680433,0.0,0.1700811958918105,0.93,0.0,,,,,,,,
s1,krum,A3,42,4,100,13.53,0.43011641685706575,0.6316129032258064,0.4592330376556722,0.5329545454545455,0.5446595877576514,0.7971141233056406,0.5531135531135531,0.17894736842105263,0.40159045725646125,0.475,0.5909090909090909,0.13253012048192772,0.2727272727272727,0.3269230769230769,0.29906542056074764,1.0,0.14470075818680433,0.0,0.035220734527074256,1.0,0.0,,,,,,,,
s1,krum,A3,43,4,100,13.77,0.44054880387330897,0.6251612903225806,0.45682290631459294,0.539733950260266,0.5490196078431373,0.7897574123989218,0.5576748410535877,0.14689265536723164,0.3984375,0.4421052631578947,0.6373626373626373,0.13333333333333333,0.23636363636363636,0.3076923076923077,0.27102803738317754,0.98,0.14470075818680433,0.0,0.035220734527074256,0.98,0.0,,,,,,,,
s1,krum,A3,44,4,100,15.91,0.44481052588738046,0.6350537634408602,0.4659734426407604,0.5633349826818407,0.5478036175710594,0.7976475713352211,0.5602901178603807,0.18556701030927836,0.40918032786885244,0.4883720930232558,0.6382978723404256,0.10062893081761007,0.2545454545454545,0.28846153846153844,0.27102803738317754,0.99,0.14470075818680433,0.0,0.035220734527074256,0.99,0.0,,,,,,,,
s1,krum,none,42,-1,100,12.98,0.4622755377127039,0.6365591397849463,0.47792976064415665,0.5560869565217391,0.5499081445192896,0.799910674408218,0.5639165911151405,0.21395348837209302,0.4244843646041251,0.46,0.6521739130434783,0.1590909090909091,0.2,0.28846153846153844,0.24299065420560748,0.61,0.14470075818680433,,,0.61,,,,,,,,,
s1,krum,none,43,-1,100,13.27,0.4617307643177674,0.6135483870967742,0.44983120445728975,0.5370550161812297,0.5416178194607268,0.7779329608938548,0.5631244323342416,0.18269230769230768,0.40619195046439627,0.43333333333333335,0.6407766990291263,0.052980132450331126,0.16363636363636364,0.23076923076923078,0.19626168224299065,0.61,0.14470075818680433,,,0.61,,,,,,,,,
s1,krum,none,44,-1,100,13.09,0.45864176885435803,0.6313978494623655,0.4548332178170948,0.5306334371754933,0.5377298668357641,0.7984975695978789,0.5503731343283582,0.2048780487804878,0.4230271668822768,0.4444444444444444,0.616822429906542,0.06289308176100629,0.2,0.25,0.22429906542056074,0.58,0.14470075818680433,,,0.58,,,,,,,,,
s1,multi_krum,A1,42,4,100,16.15,0.5300066461329047,0.6763440860215054,0.5302548316010303,0.5715059588299025,0.589711417816813,0.8212172442941674,0.5941123996431757,0.31343283582089554,0.4517857142857143,0.4507042253521127,0.6923076923076923,0.3287671232876712,0.23636363636363636,0.21153846153846154,0.22429906542056074,0.19999999999999996,0.14470075818680433,0.0,0.035220734527074256,0.19999999999999996,0.0,,,,,,,,
s1,multi_krum,A1,43,4,100,16.07,0.5369714735114957,0.6763440860215054,0.5287645940350731,0.5627143557079863,0.600375234521576,0.8235294117647058,0.5846994535519126,0.31297709923664124,0.4602368866328257,0.43312101910828027,0.6923076923076923,0.32286995515695066,0.18181818181818182,0.21153846153846154,0.19626168224299065,0.19999999999999996,0.14470075818680433,0.0,0.035220734527074256,0.19999999999999996,0.0,,,,,,,,
s1,multi_krum,A1,44,4,100,16.26,0.5351992085058388,0.6772043010752689,0.530769175909511,0.5650793650793651,0.5822281167108754,0.8198236035279295,0.6043668122270742,0.32432432432432434,0.45967042497831745,0.4444444444444444,0.6857142857142857,0.32558139534883723,0.23636363636363636,0.21153846153846154,0.22429906542056074,0.19999999999999996,0.14470075818680433,0.0,0.035220734527074256,0.19999999999999996,0.0,,,,,,,,
s1,multi_krum,A2,42,1,100,15.62,0.5248953302691002,0.6632258064516129,0.5295759828005807,0.5818958818958819,0.5858461538461538,0.8179616993176315,0.5884509624197983,0.328125,0.42835820895522386,0.47692307692307695,0.6868686868686869,0.32407407407407407,0.18181818181818182,0.21153846153846154,0.19626168224299065,0.19999999999999996,0.14470075818680433,0.0,0.1700811958918105,0.19999999999999996,0.0,,,,,,,,
s1,multi_krum,A2,43,1,100,15.55,0.5309402098618783,0.6567741935483871,0.522911449856716,0.5665346534653465,0.5911504424778761,0.8120063191153238,0.596523330283623,0.31297709923664124,0.4212860310421286,0.44,0.693069306930693,0.31627906976744186,0.14545454545454545,0.19230769230769232,0.16822429906542055,0.19999999999999996,0.14470075818680433,0.0,0.1700811958918105,0.19999999999999996,0.0,,,,,,,,
s1,multi_krum,A2,44,1,100,15.3,0.5265325661297364,0.6606451612903226,0.5233470696486098,0.5739485334809076,0.5861434702636419,0.8174144824522435,0.5991189427312775,0.3140495867768595,0.4122938530734633,0.4748201438848921,0.6730769230769231,0.30985915492957744,0.14545454545454545,0.17307692307692307,0.1588785046728972,0.19999999999999996,0.14470075818680433,0.0,0.1700811958918105,0.19999999999999996,0.0,,,,,,,,
s1,multi_krum,A3,42,4,100,15.27,0.5300066461329047,0.6763440860215054,0.5302548316010303,0.5715059588299025,0.589711417816813,0.8212172442941674,0.5941123996431757,0.31343283582089554,0.4517857142857143,0.4507042253521127,0.6923076923076923,0.3287671232876712,0.23636363636363636,0.21153846153846154,0.22429906542056074,0.19999999999999996,0.14470075818680433,0.0,0.035220734527074256,0.19999999999999996,0.0,,,,,,,,
s1,multi_krum,A3,43,4,100,15.41,0.5369714735114957,0.6763440860215054,0.5287645940350731,0.5627143557079863,0.600375234521576,0.8235294117647058,0.5846994535519126,0.31297709923664124,0.4602368866328257,0.43312101910828027,0.6923076923076923,0.32286995515695066,0.18181818181818182,0.21153846153846154,0.19626168224299065,0.19999999999999996,0.14470075818680433,0.0,0.035220734527074256,0.19999999999999996,0.0,,,,,,,,
s1,multi_krum,A3,44,4,100,15.27,0.5351992085058388,0.6772043010752689,0.530769175909511,0.5650793650793651,0.5822281167108754,0.8198236035279295,0.6043668122270742,0.32432432432432434,0.45967042497831745,0.4444444444444444,0.6857142857142857,0.32558139534883723,0.23636363636363636,0.21153846153846154,0.22429906542056074,0.19999999999999996,0.14470075818680433,0.0,0.035220734527074256,0.19999999999999996,0.0,,,,,,,,
s1,multi_krum,none,42,-1,100,15.28,0.48892950693514414,0.6406451612903226,0.4989489410226057,0.5651205936920223,0.5794170136823319,0.8104693140794224,0.5228891149542217,0.2631578947368421,0.41357234314980795,0.43636363636363634,0.6938775510204082,0.27184466019417475,0.16363636363636364,0.21153846153846154,0.18691588785046728,0.19999999999999996,0.14470075818680433,,,0.19999999999999996,,,,,,,,,
s1,multi_krum,none,43,-1,100,15.75,0.46838884610228654,0.6535483870967742,0.4598986282267227,0.5399374348279458,0.5951103160405486,0.8197910002132651,0.49588477366255146,0.16483516483516483,0.4211287988422576,0.39416058394160586,0.6857142857142857,0.10256410256410256,0.2545454545454545,0.21153846153846154,0.2336448598130841,0.19999999999999996,0.14470075818680433,,,0.19999999999999996,,,,,,,,,
s1,multi_krum,none,44,-1,100,15.57,0.4634313623820491,0.6619354838709678,0.4664545848277147,0.5355750487329435,0.589041095890411,0.8193172356369692,0.5306930693069307,0.15135135135135136,0.4351145038167939,0.38596491228070173,0.6851851851851852,0.13496932515337423,0.3090909090909091,0.21153846153846154,0.2616822429906542,0.19999999999999996,0.14470075818680433,,,0.19999999999999996,,,,,,,,,
s1,trimmed_mean,A1,42,4,100,13.58,0.4998317566775592,0.667741935483871,0.5073882838685838,0.544973120436492,0.5941939468807906,0.82441435632925,0.5676190476190476,0.2928870292887029,0.43883792048929665,0.4297520661157025,0.6601941747572816,0.25120772946859904,0.21818181818181817,0.23076923076923078,0.22429906542056074,0.24260975609756094,0.14470075818680433,0.11912439024390244,0.035220734527074256,0.2089268292682927,0.11882439024390244,,,,,,,,
s1,trimmed_mean,A1,43,4,100,13.35,0.5113382625410967,0.6587096774193548,0.5043440541358185,0.5593607305936072,0.5902864259028643,0.8197725284339458,0.5634615384615385,0.2834008097165992,0.42795389048991356,0.4520547945205479,0.6666666666666666,0.23115577889447236,0.18181818181818182,0.21153846153846154,0.19626168224299065,0.24139512195121948,0.14470075818680433,0.11887317073170729,0.035220734527074256,0.20856341463414632,0.11890487804878046,,,,,,,,
s1,trimmed_mean,A1,44,4,100,13.65,0.5086686402599416,0.6666666666666666,0.505996643203422,0.5603146853146853,0.5847347994825356,0.825491873396065,0.5746061167747915,0.27074235807860264,0.43093093093093093,0.44755244755244755,0.6730769230769231,0.24083769633507854,0.2,0.21153846153846154,0.205607476635514,0.24086585365853658,0.14470075818680433,0.11840975609756095,0.035220734527074256,0.19957073170731704,0.11866829268292682,,,,,,,,
s1,trimmed_mean,A2,42,1,100,13.02,0.49662488105585456,0.6640860215053763,0.5105889600047115,0.5770482908301682,0.5931372549019608,0.8229954614220878,0.5612343297974928,0.27615062761506276,0.4307920059215396,0.47368421052631576,0.6804123711340206,0.24630541871921183,0.2,0.23076923076923078,0.21495327102803738,0.24613902439024393,0.14470075818680433,0.12056527977044476,0.1700811958918105,0.17982926829268295,0.11995695839311335,,,,,,,,
s1,trimmed_mean,A2,43,1,100,13.12,0.5006350331817384,0.6533333333333333,0.49960953925511237,0.5530515738140979,0.5903245560318432,0.8170381814169058,0.5533980582524272,0.2786885245901639,0.42016806722689076,0.43283582089552236,0.6732673267326733,0.23115577889447236,0.18181818181818182,0.21153846153846154,0.19626168224299065,0.2456,0.14470075818680433,0.12041032998565278,0.1700811958918105,0.18068048780487808,0.12041606886657102,,,,,,,,
s1,trimmed_mean,A2,44,1,100,12.81,0.4994194513074154,0.6658064516129032,0.5070912050595502,0.5615020460563267,0.5878594249201278,0.8268733850129198,0.5738317757009346,0.27074235807860264,0.42441860465116277,0.4628099173553719,0.6601941747572816,0.25,0.2,0.21153846153846154,0.205607476635514,0.24538780487804882,0.14470075818680433,0.12042467718794836,0.1700811958918105,0.1744585365853658,0.11973601147776183,,,,,,,,
s1,trimmed_mean,A3,42,4,100,12.63,0.49740727586424804,0.6486021505376344,0.5007885397356191,0.5478390228625117,0.576852418860992,0.8079822616407982,0.5783582089552238,0.2857142857142857,0.41296687808315713,0.43548387096774194,0.6601941747572816,0.24875621890547264,0.18181818181818182,0.19230769230769232,0.18691588785046728,0.24792195121951222,0.14470075818680433,0.053253658536585376,0.035220734527074256,0.2142878048780488,0.05393170731707318,,,,,,,,
s1,trimmed_mean,A3,43,4,100,12.6,0.505403175840195,0.6363440860215054,0.49184045828700435,0.5526881720430108,0.571256038647343,0.8009080590238365,0.5662535748331744,0.24561403508771928,0.4053156146179402,0.43870967741935485,0.6666666666666666,0.24,0.14545454545454545,0.19230769230769232,0.16822429906542055,0.2473829268292683,0.14470075818680433,0.05325121951219513,0.035220734527074256,0.21411219512195123,0.05391463414634148,,,,,,,,
s1,trimmed_mean,A3,44,4,100,12.8,0.5041600062464359,0.6559139784946236,0.4994279370527078,0.5602836879432624,0.573076923076923,0.817293069737128,0.5808823529411765,0.24561403508771928,0.41588447653429605,0.45390070921985815,0.6666666666666666,0.24210526315789474,0.18181818181818182,0.19230769230769232,0.18691588785046728,0.24748536585365855,0.14470075818680433,0.05307317073170732,0.035220734527074256,0.20732926829268292,0.05373414634146343,,,,,,,,
s1,trimmed_mean,none,42,-1,100,15.48,0.5024287369238501,0.6686021505376344,0.5113073925909382,0.5583333333333333,0.5944615384615385,0.8240601503759398,0.571157495256167,0.2928870292887029,0.4387990762124711,0.45,0.6666666666666666,0.2524271844660194,0.21818181818181817,0.23076923076923078,0.22429906542056074,0.24521951219512197,0.14470075818680433,,,0.2055951219512195,,,,,,,,,
s1,trimmed_mean,none,43,-1,100,13.01,0.512102140368119,0.66,0.5056833983996566,0.560919540229885,0.5939243645381277,0.8201312910284464,0.5659655831739961,0.28225806451612906,0.4278462654097172,0.45517241379310347,0.6666666666666666,0.233502538071066,0.18181818181818182,0.21153846153846154,0.19626168224299065,0.24460731707317074,0.14470075818680433,,,0.20535853658536582,,,,,,,,,
s1,trimmed_mean,none,44,-1,100,12.97,0.507720640790874,0.6658064516129032,0.505691746517944,0.5619047619047619,0.5817711700064642,0.8246850309630579,0.5732838589981447,0.2719298245614035,0.4292168674698795,0.45714285714285713,0.6666666666666666,0.24083769633507854,0.2,0.21153846153846154,0.205607476635514,0.24430000000000004,0.14470075818680433,,,0.19773902439024385,,,,,,,,,
s2,camp_a,A1,42,4,100,8.82,0.44817735424285937,0.6853763440860215,0.48530532772313884,0.32693208430913345,0.6049908703590993,0.8226950354609929,0.6541176470588236,0.3471698113207547,0.45814167433302666,0.19672131147540983,0.45714285714285713,0.34146341463414637,0.4,0.38461538461538464,0.3925233644859813,0.18631712355707997,0.1583588750873797,0.1698390984433181,0.035220734527074256,0.18124189127390697,0.16556309842936592,,,,,,,,
s2,camp_a,A1,43,4,100,8.86,0.46707142118648404,0.6808602150537635,0.5009597576325104,0.4052320675105485,0.5917843388960206,0.8264110756123536,0.626465661641541,0.36177474402730375,0.4600694444444444,0.3037974683544304,0.5066666666666667,0.33070866141732286,0.38181818181818183,0.4230769230769231,0.40186915887850466,0.18545570428335406,0.1583588750873797,0.16723146531730484,0.035220734527074256,0.18174177151700938,0.16018502231949344,,,,,,,,
s2,camp_a,A1,44,4,100,8.72,0.41184694445905334,0.6823655913978495,0.4412208390579067,0.18295739348370926,0.609017912291538,0.8269596450454257,0.6254125412541254,0.3409090909090909,0.4506283662477558,0.19047619047619047,0.17543859649122806,0.31092436974789917,0.34545454545454546,0.4807692307692308,0.411214953271028,0.18480587874227156,0.1583588750873797,0.17066767634427968,0.035220734527074256,0.18347852936054238,0.16532316807853625,,,,,,,,
s2,camp_a,A2,42,1,100,8.88,0.3942499407247634,0.6772043010752689,0.398666525544827,0.0,0.611540749553837,0.8233500326726203,0.6391752577319587,0.33976833976833976,0.4461805555555556,0.0,0.0,0.3293172690763052,0.38181818181818183,0.4807692307692308,0.42990654205607476,0.19039184345935678,0.1583588750873797,0.25948064674645593,0.16674732483733937,0.20235686019524204,0.2814149892479103,,,,,,,,
s2,camp_a,A2,43,1,100,8.89,0.39197373414914816,0.6744086021505377,0.39456775142279943,0.0,0.605,0.8272590036661635,0.6288998357963875,0.3561643835616438,0.43594009983361065,0.0,0.0,0.30327868852459017,0.38181818181818183,0.5576923076923077,0.4672897196261682,0.18903702404311992,0.1583588750873797,0.25490374639243685,0.16674732483733937,0.19776750119859,0.26871459523102603,,,,,,,,
s2,camp_a,A2,44,1,100,9.13,0.3879548141272384,0.6744086021505377,0.39430727951359823,0.0,0.6087990487514863,0.8246977547495682,0.6237458193979933,0.33962264150943394,0.43691786621507195,0.0,0.0,0.3206751054852321,0.34545454545454546,0.5192307692307693,0.42990654205607476,0.19332719421217326,0.1583588750873797,0.26573487779222515,0.16674732483733937,0.20296024928511944,0.2793303524774979,,,,,,,,
s2,camp_a,A3,42,4,100,8.84,0.4957367169999664,0.6860215053763441,0.5313195458266069,0.5357674104124408,0.6172539489671932,0.8283178177094609,0.626465661641541,0.3157894736842105,0.45646661031276414,0.45977011494252873,0.611764705882353,0.33472803347280333,0.2727272727272727,0.28846153846153844,0.2803738317757009,0.1866285347672152,0.1583588750873797,0.11684957491195763,0.035220734527074256,0.18696657364530267,0.1034294784520755,,,,,,,,
s2,camp_a,A3,43,4,100,8.68,0.5009704542555518,0.6808602150537635,0.5315457699815443,0.5350383631713554,0.595360824742268,0.8276896699528504,0.614853195164076,0.3680555555555556,0.457002457002457,0.43478260869565216,0.6352941176470588,0.31932773109243695,0.3090909090909091,0.28846153846153844,0.29906542056074764,0.18508996557627616,0.1583588750873797,0.11620243156941261,0.035220734527074256,0.1857010179885668,0.10555835722349743,,,,,,,,
s2,camp_a,A3,44,4,100,8.74,0.4823315856420003,0.6838709677419355,0.5185842556800314,0.5099960280683172,0.6110429447852761,0.8283518360375747,0.6110154905335629,0.3170731707317073,0.4576271186440678,0.4175824175824176,0.6024096385542169,0.30357142857142855,0.2727272727272727,0.34615384615384615,0.308411214953271,0.1835289857232153,0.1583588750873797,0.11776082408899007,0.035220734527074256,0.1873155267797707,0.10526538268352681,,,,,,,,
s2,camp_a,none,42,-1,100,8.72,0.4957367169999664,0.6860215053763441,0.5313195458266069,0.5357674104124408,0.6172539489671932,0.8283178177094609,0.626465661641541,0.3157894736842105,0.45646661031276414,0.45977011494252873,0.611764705882353,0.33472803347280333,0.2727272727272727,0.28846153846153844,0.2803738317757009,0.18662345961457935,0.1583588750873797,,,0.18696227772281745,,,,,,,,,
s2,camp_a,none,43,-1,100,8.7,0.5010475993569158,0.6808602150537635,0.5315539567145573,0.5350383631713554,0.595360824742268,0.8276896699528504,0.6136560069144339,0.3680555555555556,0.4582651391162029,0.43478260869565216,0.6352941176470588,0.31932773109243695,0.3090909090909091,0.28846153846153844,0.29906542056074764,0.18508465972019336,0.1583588750873797,,,0.18569662655350128,,,,,,,,,
s2,camp_a,none,44,-1,100,8.84,0.48247812725981976,0.6840860215053763,0.5187128160934773,0.5099960280683172,0.6118945432250154,0.8285287209054025,0.6110154905335629,0.3170731707317073,0.4576271186440678,0.4175824175824176,0.6024096385542169,0.30357142857142855,0.2727272727272727,0.34615384615384615,0.308411214953271,0.18352529308248666,0.1583588750873797,,,0.18728457033053278,,,,,,,,,
s2,camp_a_reported,A1,42,4,100,8.77,0.4618890673590566,0.6868817204301075,0.4891438442108409,0.3236607142857143,0.6058252427184466,0.8229056203605515,0.6510219530658592,0.3782051282051282,0.45977011494252873,0.21875,0.42857142857142855,0.34810126582278483,0.34545454545454546,0.40384615384615385,0.37383177570093457,0.31929243189397244,0.1583588750873797,0.2577233616138197,0.035220734527074256,0.32082468175962814,0.25925561147947546,,,,,,,,
s2,camp_a_reported,A1,43,4,100,8.93,0.47705661443971675,0.6802150537634408,0.5010948531964852,0.39743589743589747,0.5761316872427984,0.824262567511425,0.6266891891891891,0.3767313019390582,0.4613880742913001,0.3076923076923077,0.48717948717948717,0.34868421052631576,0.36363636363636365,0.4230769230769231,0.3925233644859813,0.31929243189397244,0.1583588750873797,0.2577233616138197,0.035220734527074256,0.32082468175962814,0.25925561147947546,,,,,,,,
s2,camp_a_reported,A1,44,4,100,8.84,0.44444355682015835,0.6858064516129032,0.47247379988112725,0.2594202898550725,0.6039667306461932,0.8224532224532225,0.6351575456053068,0.3911671924290221,0.46153846153846156,0.3188405797101449,0.2,0.3466666666666667,0.38181818181818183,0.5576923076923077,0.4672897196261682,0.31929243189397244,0.1583588750873797,0.2577233616138197,0.035220734527074256,0.32082468175962814,0.25925561147947546,,,,,,,,
s2,camp_a_reported,A2,42,1,100,8.9,0.413500466136689,0.6797849462365592,0.40493239955982496,0.0,0.6140127388535032,0.8219884045522868,0.6426999266324285,0.39143730886850153,0.4446831364124597,0.0,0.0,0.32463768115942027,0.38181818181818183,0.46153846153846156,0.4205607476635514,0.3475582037303181,0.1583588750873797,0.3248509351459425,0.16674732483733937,0.349834989444604,0.3275295065745139,,,,,,,,
s2,camp_a_reported,A2,43,1,100,8.89,0.4049427683724869,0.6729032258064516,0.39682354787865093,0.0,0.5883143049026192,0.8231578947368421,0.6286173633440515,0.37037037037037035,0.439453125,0.0,0.0,0.3246753246753247,0.41818181818181815,0.5384615384615384,0.4766355140186916,0.3475582037303181,0.1583588750873797,0.3248509351459425,0.16674732483733937,0.349834989444604,0.3275295065745139,,,,,,,,
s2,camp_a_reported,A2,44,1,100,8.92,0.4094665085336586,0.6776344086021505,0.4027801835262987,0.0,0.611353711790393,0.8218769951053415,0.629570747217806,0.3872832369942196,0.44398340248962653,0.0,0.0,0.3281733746130031,0.36363636363636365,0.5576923076923077,0.45794392523364486,0.3475582037303181,0.1583588750873797,0.3248509351459425,0.16674732483733937,0.349834989444604,0.3275295065745139,,,,,,,,
s2,camp_a_reported,A3,42,4,100,8.76,0.5503552102404907,0.692258064516129,0.5520113623892562,0.5717808001272568,0.62125,0.824038045827929,0.654320987654321,0.37966101694915255,0.4646878198567042,0.4566929133858268,0.6868686868686869,0.32857142857142857,0.2,0.23076923076923078,0.21495327102803738,0.5,0.1583588750873797,0.019189090559387785,0.035220734527074256,0.5,0.019430676958852207,,,,,,,,
s2,camp_a_reported,A3,43,4,100,8.86,0.5343672933679506,0.681505376344086,0.5389233638462654,0.5647038388049331,0.5848032564450475,0.824963227568817,0.6201680672268908,0.37900874635568516,0.4533333333333333,0.45614035087719296,0.6732673267326733,0.31970260223048325,0.23636363636363636,0.25,0.24299065420560748,0.5,0.1583588750873797,0.019189090559387785,0.035220734527074256,0.5,0.019430676958852207,,,,,,,,
s2,camp_a_reported,A3,44,4,100,8.91,0.5384324538588915,0.6890322580645162,0.5407000911829639,0.5440410707737441,0.610831234256927,0.8244047619047619,0.6401299756295694,0.3642611683848797,0.4581231079717457,0.4148148148148148,0.6732673267326733,0.33976833976833976,0.2,0.23076923076923078,0.21495327102803738,0.5,0.1583588750873797,0.019189090559387785,0.035220734527074256,0.5,0.019430676958852207,,,,,,,,
s2,camp_a_reported,none,42,-1,100,8.6,0.5503552102404907,0.692258064516129,0.5520113623892562,0.5717808001272568,0.62125,0.824038045827929,0.654320987654321,0.37966101694915255,0.4646878198567042,0.4566929133858268,0.6868686868686869,0.32857142857142857,0.2,0.23076923076923078,0.21495327102803738,0.5,0.1583588750873797,,,0.5,,,,,,,,,
s2,camp_a_reported,none,43,-1,100,8.77,0.5343672933679506,0.681505376344086,0.5389233638462654,0.5647038388049331,0.5848032564450475,0.824963227568817,0.6201680672268908,0.37900874635568516,0.4533333333333333,0.45614035087719296,0.6732673267326733,0.31970260223048325,0.23636363636363636,0.25,0.24299065420560748,0.5,0.1583588750873797,,,0.5,,,,,,,,,
s2,camp_a_reported,none,44,-1,100,8.79,0.5384324538588915,0.6890322580645162,0.5407000911829639,0.5440410707737441,0.610831234256927,0.8244047619047619,0.6401299756295694,0.3642611683848797,0.4581231079717457,0.4148148148148148,0.6732673267326733,0.33976833976833976,0.2,0.23076923076923078,0.21495327102803738,0.5,0.1583588750873797,,,0.5,,,,,,,,,
s2,coordinate_wise_median,A1,42,4,100,8.72,0.43100504455570093,0.661505376344086,0.46783127858587564,0.4175084175084175,0.5850340136054422,0.8117009750812568,0.5955947136563877,0.2631578947368421,0.4378600823045268,0.24242424242424243,0.5925925925925926,0.21428571428571427,0.3090909090909091,0.40384615384615385,0.35514018691588783,0.10997073170731708,0.1583588750873797,0.09420975609756096,0.035220734527074256,0.10631219512195124,0.08678048780487807,,,,,,,,
s2,coordinate_wise_median,A1,43,4,100,8.8,0.40554999682489795,0.6645161290322581,0.4452326371442222,0.3421779988944168,0.5765654060756354,0.8150770512286547,0.598781549173194,0.2557077625570776,0.4283276450511945,0.2962962962962963,0.3880597014925373,0.20304568527918782,0.38181818181818183,0.6153846153846154,0.4953271028037383,0.1146487804878049,0.1583588750873797,0.08824390243902439,0.035220734527074256,0.10589268292682927,0.0764390243902439,,,,,,,,
s2,coordinate_wise_median,A1,44,4,100,8.89,0.39490463772329326,0.663010752688172,0.4365391539628114,0.3384615384615385,0.576210400478183,0.813440527726242,0.5811182401466545,0.2358490566037736,0.4298245614035088,0.3076923076923077,0.36923076923076925,0.17894736842105263,0.41818181818181815,0.6346153846153846,0.5233644859813084,0.1175365853658537,0.1583588750873797,0.07849756097560975,0.035220734527074256,0.10653658536585367,0.08531219512195122,,,,,,,,
s2,coordinate_wise_median,A2,42,1,100,9.01,0.3581818716945045,0.6490322580645161,0.3711854406962433,0.05084745762711865,0.5740011254924029,0.8043243243243243,0.592328278322926,0.2631578947368421,0.42292171105730425,0.1016949152542373,0.0,0.21105527638190955,0.36363636363636365,0.6923076923076923,0.5233644859813084,0.10865365853658536,0.1583588750873797,0.09293543758967,0.16674732483733937,0.1060439024390244,0.07240746054519367,,,,,,,,
s2,coordinate_wise_median,A2,43,1,100,9.11,0.35524520412328525,0.6572043010752688,0.3701580769946877,0.047619047619047616,0.5714285714285714,0.8108221476510067,0.6015693112467306,0.2608695652173913,0.42546063651591287,0.09523809523809523,0.0,0.1958762886597938,0.43636363636363634,0.8076923076923077,0.616822429906542,0.10789268292682927,0.1583588750873797,0.08014347202295553,0.16674732483733937,0.10564390243902441,0.059167862266857954,,,,,,,,
s2,coordinate_wise_median,A2,44,1,100,8.98,0.3414515312581474,0.6556989247311827,0.35833553113652006,0.034482758620689655,0.5676646706586826,0.8072682727643936,0.5773195876288659,0.24770642201834864,0.4257167680278019,0.06896551724137931,0.0,0.17204301075268819,0.45454545454545453,0.7692307692307693,0.6074766355140186,0.10726341463414635,0.1583588750873797,0.08181348637015781,0.16674732483733937,0.10621463414634146,0.06639311334289813,,,,,,,,
s2,coordinate_wise_median,A3,42,4,100,8.87,0.4486454075418262,0.6443010752688172,0.47411141181582667,0.4669590643274854,0.5642201834862385,0.8002714318027595,0.6046901172529313,0.2608695652173913,0.4194977843426883,0.2894736842105263,0.6444444444444445,0.2094240837696335,0.2,0.21153846153846154,0.205607476635514,0.11155121951219515,0.1583588750873797,0.0032682926829268296,0.035220734527074256,0.10631219512195124,0.002931707317073171,,,,,,,,
s2,coordinate_wise_median,A3,43,4,100,8.73,0.4229165735197081,0.6627956989247312,0.4625767238700917,0.423992673992674,0.561178731582319,0.8103092783505155,0.6041308089500861,0.24669603524229075,0.43031358885017423,0.30952380952380953,0.5384615384615384,0.2,0.36363636363636365,0.40384615384615385,0.38317757009345793,0.11522439024390245,0.1583588750873797,0.0036195121951219517,0.035220734527074256,0.10581951219512195,0.003141463414634147,,,,,,,,
s2,coordinate_wise_median,A3,44,4,100,8.79,0.42621904859395077,0.6604301075268817,0.460364990148373,0.4352497096399536,0.5680332739156269,0.8127118644067797,0.5977212971078002,0.21800947867298578,0.4321608040201005,0.30952380952380953,0.5609756097560976,0.1837837837837838,0.2909090909090909,0.38461538461538464,0.3364485981308411,0.12030731707317076,0.1583588750873797,0.0030975609756097567,0.035220734527074256,0.1064585365853659,0.003082926829268293,,,,,,,,
s2,coordinate_wise_median,none,42,-1,100,8.84,0.4254702140346768,0.6604301075268817,0.4648579566770832,0.4080854309687262,0.5829088851160158,0.8116193366572729,0.5955947136563877,0.2631578947368421,0.43621399176954734,0.2898550724637681,0.5263157894736842,0.2131979695431472,0.2909090909090909,0.4423076923076923,0.3644859813084112,0.11101463414634148,0.1583588750873797,,,0.1061317073170732,,,,,,,,,
s2,coordinate_wise_median,none,43,-1,100,8.73,0.39689955732806204,0.6625806451612903,0.4333956705240335,0.30259146341463417,0.5758900687070581,0.8136439267886856,0.5960034752389227,0.2557077625570776,0.42784380305602715,0.2926829268292683,0.3125,0.19289340101522842,0.38181818181818183,0.6730769230769231,0.5233644859813084,0.11659512195121953,0.1583588750873797,,,0.10570731707317073,,,,,,,,,
s2,coordinate_wise_median,none,44,-1,100,8.79,0.38169680653419147,0.661505376344086,0.41690768853787163,0.2667922159447583,0.5748502994011976,0.8133498145859085,0.5813528336380256,0.2347417840375587,0.4280701754385965,0.2962962962962963,0.23728813559322035,0.1693121693121693,0.41818181818181815,0.6923076923076923,0.5514018691588785,0.118809756097561,0.1583588750873797,,,0.1062878048780488,,,,,,,,,
s2,earn,A1,42,4,100,9.39,0.48063054622748924,0.6868817204301075,0.5111307733556457,0.4038155802861685,0.6019169329073483,0.8236808236808236,0.6524390243902439,0.3916083916083916,0.4644644644644645,0.29411764705882354,0.5135135135135135,0.3473053892215569,0.32727272727272727,0.36538461538461536,0.34579439252336447,0.3065082525760374,0.1583588750873797,0.25638640615114067,0.035220734527074256,0.29599353604092715,0.26436690506007215,0.8999999999999999,1.0,1.0,1.0,0.40009765625000004,1.0,1.0,1.0
s2,earn,A1,43,4,100,9.39,0.4792801624069075,0.6767741935483871,0.500621339049908,0.4053384700055036,0.5788043478260869,0.8222222222222222,0.6182121971595655,0.3803680981595092,0.45920303605313095,0.30434782608695654,0.5063291139240507,0.33548387096774196,0.36363636363636365,0.40384615384615385,0.38317757009345793,0.28491564855033097,0.1583588750873797,0.26564327772327334,0.035220734527074256,0.3018591345446739,0.25929127690934556,0.003125,1.0,1.0,1.0,0.6078125,1.0,1.0,1.0
s2,earn,A1,44,4,100,9.43,0.4574314469203048,0.6823655913978495,0.4887856305797634,0.34069651741293533,0.5978602894902454,0.8221894115165577,0.6297520661157024,0.3649122807017544,0.46607669616519176,0.29333333333333333,0.3880597014925373,0.34810126582278483,0.3090909090909091,0.4423076923076923,0.37383177570093457,0.29323274410446987,0.1583588750873797,0.2614221316267539,0.035220734527074256,0.2897486481120448,0.2642190258027244,0.30000000000000004,1.0,1.0,1.0,0.000244140625,1.0,1.0,1.0
s2,earn,A2,42,1,100,9.55,0.4136840682047502,0.6759139784946236,0.4035937685259875,0.0,0.6130841121495327,0.8186370563901589,0.6366932559825961,0.3818770226537217,0.4533898305084746,0.0,0.0,0.325068870523416,0.34545454545454546,0.38461538461538464,0.3644859813084112,0.3248011672682795,0.1583588750873797,0.3214681396014985,0.16674732483733937,0.3170078436248943,0.3236910166772065,1.0,1.0,1.0,1.0,1.0,1.0,1.0,1.0
s2,earn,A2,43,1,100,9.42,0.4067113164006466,0.6720430107526881,0.3970129694964311,0.0,0.5935653315824031,0.8232777064612752,0.6292490118577075,0.3775811209439528,0.44870565675934804,0.0,0.0,0.3037249283667622,0.36363636363636365,0.4230769230769231,0.3925233644859813,0.3148777063320104,0.1583588750873797,0.3199737407031333,0.16674732483733937,0.30608852734622277,0.3380778398588209,1.0,1.0,1.0,1.0,1.0,1.0,1.0,1.0
s2,earn,A2,44,1,100,9.63,0.41002161577283885,0.6761290322580645,0.40256818541874706,0.0,0.6091245376078915,0.8219884045522868,0.632991318074191,0.389937106918239,0.44171779141104295,0.0,0.0,0.3247863247863248,0.32727272727272727,0.4807692307692308,0.40186915887850466,0.3056195931652791,0.1583588750873797,0.32698840643108557,0.16674732483733937,0.30900136473527023,0.3247151019688307,1.0,1.0,1.0,1.0,1.0,1.0,1.0,1.0
s2,earn,A3,42,4,100,9.24,0.5486138990712806,0.6879569892473119,0.5490121186992336,0.5648083892358702,0.612321095208463,0.8210709621245103,0.6517374517374518,0.36162361623616235,0.46607669616519176,0.44274809160305345,0.6868686868686869,0.34965034965034963,0.2,0.23076923076923078,0.21495327102803738,0.4863654815219867,0.1583588750873797,0.02149441666260534,0.035220734527074256,0.4913043332522601,0.021287737140286832,1.0,1.0,0.0,0.0,1.0,1.0,0.0,0.0
s2,earn,A3,43,4,100,9.27,0.5370319614660588,0.6832258064516129,0.5413793903976635,0.5588558855885588,0.5856279382135662,0.8247727753117734,0.6243739565943238,0.38485804416403785,0.4664179104477612,0.4444444444444444,0.6732673267326733,0.32727272727272727,0.23636363636363636,0.25,0.24299065420560748,0.49117381694721457,0.1583588750873797,0.021293198945794435,0.035220734527074256,0.4913043332522601,0.021287737140286832,1.0,1.0,0.0,0.0,1.0,1.0,0.0,0.0
s2,earn,A3,44,4,100,9.3,0.5345658999404503,0.6849462365591398,0.536413168011534,0.54,0.6048237476808905,0.8213903743315508,0.6388206388206388,0.34686346863468637,0.45849802371541504,0.4,0.68,0.3409090909090909,0.2,0.23076923076923078,0.21495327102803738,0.49117381694721457,0.1583588750873797,0.021293198945794435,0.035220734527074256,0.4913043332522601,0.021287737140286832,1.0,1.0,0.0,0.0,1.0,1.0,0.0,0.0
s2,earn,none,42,-1,100,9.23,0.5486138990712806,0.6879569892473119,0.5490121186992336,0.5648083892358702,0.612321095208463,0.8210709621245103,0.6517374517374518,0.36162361623616235,0.46607669616519176,0.44274809160305345,0.6868686868686869,0.34965034965034963,0.2,0.23076923076923078,0.21495327102803738,0.4863654815219867,0.1583588750873797,,,0.4913043332522601,,1.0,1.0,,,1.0,1.0,,
s2,earn,none,43,-1,100,9.3,0.5370319614660588,0.6832258064516129,0.5413793903976635,0.5588558855885588,0.5856279382135662,0.8247727753117734,0.6243739565943238,0.38485804416403785,0.4664179104477612,0.4444444444444444,0.6732673267326733,0.32727272727272727,0.23636363636363636,0.25,0.24299065420560748,0.49117381694721457,0.1583588750873797,,,0.4913043332522601,,1.0,1.0,,,1.0,1.0,,
s2,earn,none,44,-1,100,9.18,0.5345658999404503,0.6849462365591398,0.536413168011534,0.54,0.6048237476808905,0.8213903743315508,0.6388206388206388,0.34686346863468637,0.45849802371541504,0.4,0.68,0.3409090909090909,0.2,0.23076923076923078,0.21495327102803738,0.49117381694721457,0.1583588750873797,,,0.4913043332522601,,1.0,1.0,,,1.0,1.0,,
s2,earn_no_blend,A1,42,4,100,9.26,0.4872940608485164,0.6916129032258065,0.5243641621680623,0.45639320029563935,0.6046805819101835,0.8238831615120275,0.6572908956328646,0.3819444444444444,0.4742468415937804,0.30303030303030304,0.6097560975609756,0.340080971659919,0.32727272727272727,0.28846153846153844,0.308411214953271,0.1667232789855073,0.1583588750873797,0.037081068840579705,0.035220734527074256,0.16709966147031893,0.037878407098671685,0.0,0.0,0.0,0.0,6.103515625e-06,1.5777218104420237e-31,1.5777218104420237e-31,0.1
s2,earn_no_blend,A1,43,4,100,9.37,0.48469271123324376,0.6840860215053763,0.5160612242835276,0.45188975078395777,0.5795531482735274,0.8250313938886563,0.6331168831168831,0.38181818181818183,0.46672914714151825,0.3013698630136986,0.6024096385542169,0.3384615384615385,0.34545454545454546,0.3269230769230769,0.3364485981308411,0.1667232789855073,0.1583588750873797,0.037081068840579705,0.035220734527074256,0.1667232789855073,0.037081068840579705,0.0,0.0,0.0,0.0,0.0,0.0,0.0,0.0
s2,earn_no_blend,A1,44,4,100,9.31,0.46880256925804364,0.6870967741935484,0.5142968182300941,0.4571171171171171,0.5951035781544256,0.8230849947534102,0.6474358974358975,0.3487544483985765,0.45525291828793774,0.3466666666666667,0.5675675675675675,0.3305084745762712,0.32727272727272727,0.40384615384615385,0.3644859813084112,0.1667232789855073,0.1583588750873797,0.037081068840579705,0.035220734527074256,0.1667232789855073,0.037081068840579705,0.0,0.0,0.0,0.0,0.0,0.0,0.0,0.0
s2,earn_no_blend,A2,42,1,100,9.58,0.40859644694232683,0.6793548387096774,0.4039040084531906,0.0,0.61125,0.8179247335218621,0.6520198440822113,0.3821656050955414,0.45965270684371806,0.0,0.0,0.3082191780821918,0.36363636363636365,0.4423076923076923,0.40186915887850466,0.21106722880783096,0.1583588750873797,0.17428736274333279,0.16674732483733937,0.21123064260747731,0.17427802102629417,1.0,2.5849394142282115e-26,0.0,0.0,1.0,2.5849394142282115e-26,0.0,0.0
s2,earn_no_blend,A2,43,1,100,9.28,0.42361488151867965,0.6772043010752689,0.4353902090147451,0.1394434361766485,0.590728476821192,0.8232795242141037,0.6362922230950511,0.3770491803278688,0.45112781954887216,0.10344827586206896,0.17543859649122806,0.32575757575757575,0.4,0.5,0.4485981308411215,0.21106722880783096,0.1583588750873797,0.17428736274333279,0.16674732483733937,0.21123064260747731,0.17427802102629417,1.0,2.5849394142282115e-26,0.0,0.0,1.0,2.5849394142282115e-26,0.0,0.0
s2,earn_no_blend,A2,44,1,100,9.45,0.4076543380290385,0.6806451612903226,0.40924020137633005,0.017857142857142856,0.6100667070952093,0.8218353750268644,0.6455598455598456,0.37920489296636084,0.448207171314741,0.03571428571428571,0.0,0.3333333333333333,0.32727272727272727,0.5769230769230769,0.4485981308411215,0.21106722880783096,0.1583588750873797,0.17428736274333279,0.16674732483733937,0.21123064260747731,0.17427802102629417,1.0,2.5849394142282115e-26,0.0,0.0,1.0,2.5849394142282115e-26,0.0,0.0
s2,earn_no_blend,A3,42,4,100,9.28,0.5398929221660024,0.686236559139785,0.5426681224794812,0.5582491582491582,0.6080495356037152,0.8196436332029552,0.649270913277053,0.35036496350364965,0.4655674102812803,0.42962962962962964,0.6868686868686869,0.33195020746887965,0.21818181818181817,0.23076923076923078,0.22429906542056074,0.49117381694721457,0.1583588750873797,0.021293198945794435,0.035220734527074256,0.4913043332522601,0.021287737140286832,1.0,1.0,0.0,0.0,1.0,1.0,0.0,0.0
s2,earn_no_blend,A3,43,4,100,9.28,0.5357204670116191,0.6843010752688172,0.5415502001511263,0.5551210583243198,0.5856279382135662,0.8250950570342205,0.6268656716417911,0.3862928348909657,0.46494464944649444,0.4369747899159664,0.6732673267326733,0.3333333333333333,0.23636363636363636,0.25,0.24299065420560748,0.49117381694721457,0.1583588750873797,0.021293198945794435,0.035220734527074256,0.4913043332522601,0.021287737140286832,1.0,1.0,0.0,0.0,1.0,1.0,0.0,0.0
s2,earn_no_blend,A3,44,4,100,9.35,0.5315004254165455,0.6853763440860215,0.5335893907405933,0.5386301369863014,0.6045650832819247,0.8218181818181818,0.6422764227642277,0.34306569343065696,0.45658536585365855,0.3972602739726027,0.68,0.3231441048034934,0.2,0.23076923076923078,0.21495327102803738,0.49117381694721457,0.1583588750873797,0.021293198945794435,0.035220734527074256,0.4913043332522601,0.021287737140286832,1.0,1.0,0.0,0.0,1.0,1.0,0.0,0.0
s2,earn_no_blend,none,42,-1,100,9.27,0.5398929221660024,0.686236559139785,0.5426681224794812,0.5582491582491582,0.6080495356037152,0.8196436332029552,0.649270913277053,0.35036496350364965,0.4655674102812803,0.42962962962962964,0.6868686868686869,0.33195020746887965,0.21818181818181817,0.23076923076923078,0.22429906542056074,0.49117381694721457,0.1583588750873797,,,0.4913043332522601,,1.0,1.0,,,1.0,1.0,,
s2,earn_no_blend,none,43,-1,100,9.2,0.5357204670116191,0.6843010752688172,0.5415502001511263,0.5551210583243198,0.5856279382135662,0.8250950570342205,0.6268656716417911,0.3862928348909657,0.46494464944649444,0.4369747899159664,0.6732673267326733,0.3333333333333333,0.23636363636363636,0.25,0.24299065420560748,0.49117381694721457,0.1583588750873797,,,0.4913043332522601,,1.0,1.0,,,1.0,1.0,,
s2,earn_no_blend,none,44,-1,100,9.2,0.5315004254165455,0.6853763440860215,0.5335893907405933,0.5386301369863014,0.6045650832819247,0.8218181818181818,0.6422764227642277,0.34306569343065696,0.45658536585365855,0.3972602739726027,0.68,0.3231441048034934,0.2,0.23076923076923078,0.21495327102803738,0.49117381694721457,0.1583588750873797,,,0.4913043332522601,,1.0,1.0,,,1.0,1.0,,
s2,earn_no_ledger,A1,42,4,100,9.33,0.48063054622748924,0.6868817204301075,0.5111307733556457,0.4038155802861685,0.6019169329073483,0.8236808236808236,0.6524390243902439,0.3916083916083916,0.4644644644644645,0.29411764705882354,0.5135135135135135,0.3473053892215569,0.32727272727272727,0.36538461538461536,0.34579439252336447,0.30809835468216124,0.1583588750873797,0.25864481938236866,0.035220734527074256,0.29599353604092715,0.26436690506007215,0.9999999999999999,1.0,1.0,1.0,0.40009765625000004,1.0,1.0,1.0
s2,earn_no_ledger,A1,43,4,100,9.18,0.4793190807297409,0.6767741935483871,0.5010412657710444,0.4070107108081792,0.5778382053025153,0.8220498847201845,0.6193656093489148,0.3803680981595092,0.45920303605313095,0.3076923076923077,0.5063291139240507,0.33548387096774196,0.36363636363636365,0.40384615384615385,0.38317757009345793,0.285525190932626,0.1583588750873797,0.2677353592503387,0.035220734527074256,0.30037285539000935,0.2626187263822814,0.0009765625,1.0,1.0,1.0,0.6007812499999999,1.0,1.0,1.0
s2,earn_no_ledger,A1,44,4,100,9.29,0.45757798853812426,0.6825806451612904,0.48891754389929953,0.34069651741293533,0.5987421383647799,0.8223628691983123,0.6297520661157024,0.3649122807017544,0.46607669616519176,0.29333333333333333,0.3880597014925373,0.34810126582278483,0.3090909090909091,0.4423076923076923,0.37383177570093457,0.2948228462105936,0.1583588750873797,0.26368054485798187,0.035220734527074256,0.2934713471020555,0.2655466598680723,0.4,1.0,1.0,1.0,0.2009765625,1.0,1.0,1.0
s2,earn_no_ledger,A2,42,1,100,9.38,0.41454627360891116,0.6763440860215054,0.40441181938409865,0.0,0.6138490330630069,0.8187159956474429,0.6366932559825961,0.3870967741935484,0.45387062566277836,0.0,0.0,0.325068870523416,0.34545454545454546,0.38461538461538464,0.3644859813084112,0.3235430346082718,0.1583588750873797,0.3309640245133241,0.16674732483733937,0.31874326496238287,0.3358810772445731,1.0,1.0,1.0,1.0,1.0,1.0,1.0,1.0
s2,earn_no_ledger,A2,43,1,100,9.29,0.4068578580184661,0.672258064516129,0.3971503488648375,0.0,0.594488188976378,0.8234538840145517,0.6292490118577075,0.3775811209439528,0.44870565675934804,0.0,0.0,0.3037249283667622,0.36363636363636365,0.4230769230769231,0.3925233644859813,0.311352991209758,0.1583588750873797,0.3386763836380767,0.16674732483733937,0.30178718674265637,0.34685572754748467,1.0,1.0,1.0,1.0,1.0,1.0,1.0,1.0
s2,earn_no_ledger,A2,44,1,100,9.45,0.41063761368343416,0.6765591397849462,0.40286170977795577,0.0,0.6103575832305795,0.8222652052439287,0.6324921135646687,0.389937106918239,0.4458077709611452,0.0,0.0,0.3220338983050847,0.32727272727272727,0.46153846153846156,0.3925233644859813,0.30476826591151196,0.1583588750873797,0.3424760855016765,0.16674732483733937,0.3054816143114637,0.3435657052932376,1.0,1.0,1.0,1.0,1.0,1.0,1.0,1.0
s2,earn_no_ledger,A3,42,4,100,9.18,0.5486138990712806,0.6879569892473119,0.5490121186992336,0.5648083892358702,0.612321095208463,0.8210709621245103,0.6517374517374518,0.36162361623616235,0.46607669616519176,0.44274809160305345,0.6868686868686869,0.34965034965034963,0.2,0.23076923076923078,0.21495327102803738,0.4863654815219867,0.1583588750873797,0.02149441666260534,0.035220734527074256,0.4913043332522601,0.021287737140286832,1.0,1.0,0.0,0.0,1.0,1.0,0.0,0.0
s2,earn_no_ledger,A3,43,4,100,9.21,0.5370319614660588,0.6832258064516129,0.5413793903976635,0.5588558855885588,0.5856279382135662,0.8247727753117734,0.6243739565943238,0.38485804416403785,0.4664179104477612,0.4444444444444444,0.6732673267326733,0.32727272727272727,0.23636363636363636,0.25,0.24299065420560748,0.49117381694721457,0.1583588750873797,0.021293198945794435,0.035220734527074256,0.4913043332522601,0.021287737140286832,1.0,1.0,0.0,0.0,1.0,1.0,0.0,0.0
s2,earn_no_ledger,A3,44,4,100,9.2,0.5345658999404503,0.6849462365591398,0.536413168011534,0.54,0.6048237476808905,0.8213903743315508,0.6388206388206388,0.34686346863468637,0.45849802371541504,0.4,0.68,0.3409090909090909,0.2,0.23076923076923078,0.21495327102803738,0.49117381694721457,0.1583588750873797,0.021293198945794435,0.035220734527074256,0.4913043332522601,0.021287737140286832,1.0,1.0,0.0,0.0,1.0,1.0,0.0,0.0
s2,earn_no_ledger,none,42,-1,100,9.15,0.5486138990712806,0.6879569892473119,0.5490121186992336,0.5648083892358702,0.612321095208463,0.8210709621245103,0.6517374517374518,0.36162361623616235,0.46607669616519176,0.44274809160305345,0.6868686868686869,0.34965034965034963,0.2,0.23076923076923078,0.21495327102803738,0.4863654815219867,0.1583588750873797,,,0.4913043332522601,,1.0,1.0,,,1.0,1.0,,
s2,earn_no_ledger,none,43,-1,100,9.14,0.5370319614660588,0.6832258064516129,0.5413793903976635,0.5588558855885588,0.5856279382135662,0.8247727753117734,0.6243739565943238,0.38485804416403785,0.4664179104477612,0.4444444444444444,0.6732673267326733,0.32727272727272727,0.23636363636363636,0.25,0.24299065420560748,0.49117381694721457,0.1583588750873797,,,0.4913043332522601,,1.0,1.0,,,1.0,1.0,,
s2,earn_no_ledger,none,44,-1,100,9.17,0.5345658999404503,0.6849462365591398,0.536413168011534,0.54,0.6048237476808905,0.8213903743315508,0.6388206388206388,0.34686346863468637,0.45849802371541504,0.4,0.68,0.3409090909090909,0.2,0.23076923076923078,0.21495327102803738,0.49117381694721457,0.1583588750873797,,,0.4913043332522601,,1.0,1.0,,,1.0,1.0,,
s2,earn_no_ramp,A1,42,4,100,9.38,0.4840181263514396,0.6845161290322581,0.5111576744559734,0.3996138996138996,0.6122448979591837,0.818876993663972,0.6482035928143712,0.3958333333333333,0.4745762711864407,0.2857142857142857,0.5135135135135135,0.3402985074626866,0.32727272727272727,0.34615384615384615,0.3364485981308411,0.3153933640743295,0.1583588750873797,0.26407594870419376,0.035220734527074256,0.3113366891220998,0.2695079896455121,1.0,1.0,1.0,1.0,1.0,1.0,1.0,1.0
s2,earn_no_ramp,A1,43,4,100,9.26,0.4874387415893463,0.6791397849462366,0.5065122060824114,0.41875,0.5840589417280643,0.8243500317057705,0.6236559139784946,0.3853211009174312,0.46387832699619774,0.3125,0.525,0.3333333333333333,0.32727272727272727,0.38461538461538464,0.35514018691588783,0.3132058582199715,0.1583588750873797,0.2649289411972047,0.035220734527074256,0.3119249489426038,0.2663875615491211,1.0,1.0,1.0,1.0,1.0,1.0,1.0,1.0
s2,earn_no_ramp,A1,44,4,100,9.27,0.46077976063336445,0.683010752688172,0.4923662977296228,0.35254901960784313,0.5982256020278834,0.8216170572092041,0.6340668296658517,0.3591549295774648,0.46745562130177515,0.29333333333333333,0.4117647058823529,0.35331230283911674,0.3090909090909091,0.4423076923076923,0.37383177570093457,0.3110183523656135,0.1583588750873797,0.2657819336902157,0.035220734527074256,0.30879734067840453,0.2676115492400125,1.0,1.0,1.0,1.0,1.0,1.0,1.0,1.0
s2,earn_no_ramp,A2,42,1,100,9.47,0.41725629980317147,0.6778494623655914,0.40636035249372576,0.0,0.6112161310649024,0.818698121450415,0.6454802259887006,0.38961038961038963,0.46170212765957447,0.0,0.0,0.3241758241758242,0.34545454545454546,0.34615384615384615,0.34579439252336447,0.33756236005009127,0.1583588750873797,0.3238834860282178,0.16674732483733937,0.3328066735312647,0.3299263395579701,1.0,1.0,1.0,1.0,1.0,1.0,1.0,1.0
s2,earn_no_ramp,A2,43,1,100,9.45,0.4120635359354391,0.6735483870967742,0.4041695884472111,0.017857142857142856,0.5998707175177763,0.8219770711659096,0.6385264773599386,0.37790697674418605,0.44933078393881454,0.03571428571428571,0.0,0.3100303951367781,0.34545454545454546,0.40384615384615385,0.37383177570093457,0.3305257949386041,0.1583588750873797,0.32715078490915506,0.16674732483733937,0.32176949027409923,0.33632197236936423,1.0,1.0,1.0,1.0,1.0,1.0,1.0,1.0
s2,earn_no_ramp,A2,44,1,100,9.42,0.41054087689418234,0.675483870967742,0.4025967894464551,0.0,0.6106408706166868,0.8190104166666666,0.6395705521472392,0.3836477987421384,0.4472049689440994,0.0,0.0,0.3206997084548105,0.3090909090909091,0.4423076923076923,0.37383177570093457,0.3251343217149244,0.1583588750873797,0.33459575568482885,0.16674732483733937,0.32679490962828095,0.33064463504310826,1.0,1.0,1.0,1.0,1.0,1.0,1.0,1.0
s2,earn_no_ramp,A3,42,4,100,9.21,0.5498431400692178,0.6886021505376344,0.5509336783303266,0.568240544984731,0.613664596273292,0.8211718579830103,0.6527777777777778,0.36764705882352944,0.46607669616519176,0.4496124031007752,0.6868686868686869,0.34965034965034963,0.2,0.23076923076923078,0.21495327102803738,0.5,0.1583588750873797,0.020923843598262205,0.035220734527074256,0.5,0.02092384359826219,1.0,1.0,0.0,0.0,1.0,1.0,0.0,0.0
s2,earn_no_ramp,A3,43,4,100,9.33,0.5362047900972018,0.6825806451612904,0.541256908440236,0.5607715944008194,0.5853985264567984,0.8242013962343981,0.6222961730449251,0.3821656050955414,0.4659832246039143,0.4482758620689655,0.6732673267326733,0.3284671532846715,0.23636363636363636,0.25,0.24299065420560748,0.5,0.1583588750873797,0.020923843598262205,0.035220734527074256,0.5,0.02092384359826219,1.0,1.0,0.0,0.0,1.0,1.0,0.0,0.0
s2,earn_no_ramp,A3,44,4,100,9.2,0.5348778732872713,0.6849462365591398,0.5365916017674025,0.54,0.6055727554179566,0.8211608481473549,0.6385737439222042,0.35074626865671643,0.4583333333333333,0.4,0.68,0.3383458646616541,0.2,0.23076923076923078,0.21495327102803738,0.5,0.1583588750873797,0.020923843598262205,0.035220734527074256,0.5,0.02092384359826219,1.0,1.0,0.0,0.0,1.0,1.0,0.0,0.0
s2,earn_no_ramp,none,42,-1,100,9.28,0.5498431400692178,0.6886021505376344,0.5509336783303266,0.568240544984731,0.613664596273292,0.8211718579830103,0.6527777777777778,0.36764705882352944,0.46607669616519176,0.4496124031007752,0.6868686868686869,0.34965034965034963,0.2,0.23076923076923078,0.21495327102803738,0.5,0.1583588750873797,,,0.5,,1.0,1.0,,,1.0,1.0,,
s2,earn_no_ramp,none,43,-1,100,9.28,0.5362047900972018,0.6825806451612904,0.541256908440236,0.5607715944008194,0.5853985264567984,0.8242013962343981,0.6222961730449251,0.3821656050955414,0.4659832246039143,0.4482758620689655,0.6732673267326733,0.3284671532846715,0.23636363636363636,0.25,0.24299065420560748,0.5,0.1583588750873797,,,0.5,,1.0,1.0,,,1.0,1.0,,
s2,earn_no_ramp,none,44,-1,100,9.28,0.5348778732872713,0.6849462365591398,0.5365916017674025,0.54,0.6055727554179566,0.8211608481473549,0.6385737439222042,0.35074626865671643,0.4583333333333333,0.4,0.68,0.3383458646616541,0.2,0.23076923076923078,0.21495327102803738,0.5,0.1583588750873797,,,0.5,,1.0,1.0,,,1.0,1.0,,
s2,earn_real_signal,A1,42,4,100,9.12,0.40108063414703055,0.6711827956989247,0.4116181539373074,0.07048872180451127,0.6037514654161782,0.8159576812871941,0.632398753894081,0.3420074349442379,0.4565972222222222,0.03571428571428571,0.10526315789473684,0.301255230125523,0.32727272727272727,0.4423076923076923,0.38317757009345793,0.1111644600650354,0.1583588750873797,0.20649902718572605,0.035220734527074256,0.12698817851971303,0.2048926531065028,0.1,0.1259786607727918,1.0,1.0,0.05,0.3432904908433556,1.0,1.0
s2,earn_real_signal,A1,43,4,100,9.23,0.44633488048090914,0.6698924731182796,0.472663923976629,0.31658608366617613,0.5980024968789014,0.8219533275713051,0.599290780141844,0.3510971786833856,0.4506578947368421,0.23880597014925373,0.39436619718309857,0.3271375464684015,0.34545454545454546,0.40384615384615385,0.37383177570093457,0.11243118350668152,0.1583588750873797,0.2030281129832362,0.035220734527074256,0.11635875212543682,0.20695785661133356,0.0,0.2367202760624934,1.0,1.0,0.003125,0.5111628603263967,1.0,1.0
s2,earn_real_signal,A1,44,4,100,9.27,0.39301514753608735,0.6709677419354839,0.40362791451033553,0.05489417989417989,0.6023668639053255,0.8189936832934002,0.6256077795786061,0.3381294964028777,0.4484228473998295,0.03571428571428571,0.07407407407407407,0.2857142857142857,0.32727272727272727,0.46153846153846156,0.3925233644859813,0.11916564759411069,0.1583588750873797,0.20798173251312085,0.035220734527074256,0.12244824458414877,0.20598580289313886,0.0,0.1301311521390744,1.0,1.0,0.0,0.29883353437762705,1.0,1.0
s2,earn_real_signal,A2,42,1,100,9.29,0.3923618832287184,0.673763440860215,0.3952670911720053,0.0,0.6065857885615251,0.8141944015869518,0.6501501501501501,0.3282442748091603,0.4546287809349221,0.0,0.0,0.30833333333333335,0.32727272727272727,0.4423076923076923,0.38317757009345793,0.1388367698849762,0.1583588750873797,0.29300745695220104,0.16674732483733937,0.147774997222332,0.28925449583196494,0.0,0.42675928790122264,1.0,1.0,0.0,0.18496093749999998,0.9999999999999999,1.0
s2,earn_real_signal,A2,43,1,100,9.28,0.39533819807867,0.6726881720430108,0.3959916545467276,0.0,0.6035648432698217,0.8206248634476732,0.6394984326018809,0.3569023569023569,0.44482173174872663,0.0,0.0,0.3025210084033613,0.36363636363636365,0.4807692307692308,0.4205607476635514,0.125420436710638,0.1583588750873797,0.27269503535796086,0.16674732483733937,0.153400779169503,0.274798753688311,0.0,0.525209999622166,0.9937499999999998,1.0,0.0,0.2875,0.5,1.0
s2,earn_real_signal,A2,44,1,100,9.11,0.3863286787651005,0.6720430107526881,0.39109531656694557,0.0,0.6123627960716349,0.8178438661710037,0.6306451612903226,0.31970260223048325,0.444636678200692,0.0,0.0,0.30357142857142855,0.32727272727272727,0.5,0.411214953271028,0.13927287404511302,0.1583588750873797,0.30112637892627914,0.16674732483733937,0.14708179757289538,0.280506445925218,0.0,0.3489696323871613,0.6499999999999999,1.0,0.0,0.16574707031250002,0.7999999999999999,1.0
s2,earn_real_signal,A3,42,4,100,8.75,0.4669151657969139,0.6761290322580645,0.49906607059205266,0.4125703564727955,0.6150315547905909,0.8181417877586966,0.6156433978132885,0.32575757575757575,0.4581196581196581,0.2153846153846154,0.6097560975609756,0.3346938775510204,0.32727272727272727,0.3269230769230769,0.32710280373831774,0.09534600740382347,0.1583588750873797,0.13658071595449534,0.035220734527074256,0.10323509774700833,0.11995397553324295,0.0,0.0,1.0,1.0,0.0,0.10312615633010865,0.8999999999999999,1.0
s2,earn_real_signal,A3,43,4,100,6.69,0.48526546837187934,0.676989247311828,0.5149303893904759,0.47043931496649294,0.6110429447852761,0.8237856676105424,0.6065428824049514,0.35172413793103446,0.4576,0.3291139240506329,0.611764705882353,0.32786885245901637,0.32727272727272727,0.3076923076923077,0.3177570093457944,0.0968908099577931,0.1583588750873797,0.1351990494215191,0.035220734527074256,0.09932592578927867,0.11542588272834538,0.0,0.0,0.6,1.0,0.0,2.384185791015625e-08,1.0,1.0
s2,earn_real_signal,A3,44,4,100,5.94,0.4589563154894877,0.676989247311828,0.49923513439760187,0.44360902255639095,0.6122448979591837,0.823453050627434,0.608,0.31451612903225806,0.4475639966969447,0.3157894736842105,0.5714285714285714,0.3008849557522124,0.3090909090909091,0.38461538461538464,0.34579439252336447,0.09776652404454499,0.1583588750873797,0.14058184761625944,0.035220734527074256,0.0982040390140519,0.11788296651995309,0.0,0.000390625,1.0,1.0,0.0,0.00020141603891090656,1.0,1.0
s2,earn_real_signal,none,42,-1,100,9.07,0.4663899557128803,0.6756989247311828,0.4986694518153088,0.4125703564727955,0.6146788990825688,0.8179616993176315,0.6156433978132885,0.32575757575757575,0.4554794520547945,0.2153846153846154,0.6097560975609756,0.3346938775510204,0.32727272727272727,0.3269230769230769,0.32710280373831774,0.09532444557950287,0.1583588750873797,,,0.10337508990369065,,0.0,0.0,,,0.0,0.1562523126602173,,
s2,earn_real_signal,none,43,-1,100,9.06,0.48532122216313717,0.6772043010752689,0.5150316475187356,0.47043931496649294,0.6110429447852761,0.8238623993032876,0.6065428824049514,0.35172413793103446,0.4583333333333333,0.3291139240506329,0.611764705882353,0.32786885245901637,0.32727272727272727,0.3076923076923077,0.3177570093457944,0.09692027121939345,0.1583588750873797,,,0.09866560522346787,,0.0,0.0,,,0.0,2.384185791015625e-08,,
s2,earn_real_signal,none,44,-1,100,9.15,0.4610986006843841,0.6778494623655914,0.5015139843327272,0.44360902255639095,0.6130536130536131,0.8233766233766234,0.6093888396811338,0.321285140562249,0.4494195688225539,0.3157894736842105,0.5714285714285714,0.30837004405286345,0.3090909090909091,0.38461538461538464,0.34579439252336447,0.097744359511514,0.1583588750873797,,,0.09837958881194649,,0.0,0.000390625,,,0.0,0.00020141603891090656,,
s2,earn_step0.05,A1,42,4,100,9.61,0.4797616229493499,0.6868817204301075,0.5106933471255946,0.4038155802861685,0.60471037555697,0.823428448830723,0.6514459665144596,0.3916083916083916,0.4623115577889447,0.29411764705882354,0.5135135135135135,0.34441087613293053,0.32727272727272727,0.36538461538461536,0.34579439252336447,0.29973334327258255,0.1583588750873797,0.24723162095749388,0.035220734527074256,0.28591473651264776,0.2556117141476154,0.44999999999999996,1.0,1.0,1.0,0.1500244140625,1.0,1.0,1.0
s2,earn_step0.05,A1,43,4,100,9.44,0.4801942373147968,0.6772043010752689,0.5016073877376925,0.4053384700055036,0.5787694388100068,0.8222222222222222,0.6191275167785235,0.38650306748466257,0.4600760456273764,0.30434782608695654,0.5063291139240507,0.33548387096774196,0.36363636363636365,0.40384615384615385,0.38317757009345793,0.26806438622808365,0.1583588750873797,0.25944883440640626,0.035220734527074256,0.2940374796909414,0.2500178439117242,0.009375000000000001,1.0,1.0,1.0,0.30390625,1.0,1.0,1.0
s2,earn_step0.05,A1,44,4,100,9.55,0.45607807489787394,0.6834408602150538,0.48733673370949054,0.33046683046683045,0.5981191222570533,0.8237030788696752,0.6308835672997523,0.36619718309859156,0.4644268774703557,0.2972972972972973,0.36363636363636365,0.35443037974683544,0.2909090909090909,0.4423076923076923,0.3644859813084112,0.28408797092258825,0.1583588750873797,0.25286014723501016,0.035220734527074256,0.27581450302529037,0.2569215461261451,0.057421875000000004,1.0,1.0,1.0,0.0509765625,1.0,1.0,1.0
s2,earn_step0.05,A2,42,1,100,9.58,0.4128835841484776,0.6767741935483871,0.40314040312210075,0.0,0.6139359698681732,0.8192090395480226,0.641399416909621,0.375,0.4549266247379455,0.0,0.0,0.32065217391304346,0.34545454545454546,0.38461538461538464,0.3644859813084112,0.310520168098667,0.1583588750873797,0.3116477972021938,0.16674732483733937,0.30300609220846786,0.3137162800467548,0.65,1.0,1.0,1.0,0.7500000000000001,1.0,1.0,1.0
s2,earn_step0.05,A2,43,1,100,9.66,0.4097678626561668,0.6731182795698925,0.399531284240477,0.0,0.5929319371727748,0.8241077153237871,0.6304,0.38235294117647056,0.4482758620689655,0.0,0.0,0.3181818181818182,0.36363636363636365,0.4230769230769231,0.3925233644859813,0.29669217042380197,0.1583588750873797,0.31237732971136123,0.16674732483733937,0.2890071574679231,0.3311655249406329,0.7500000000000001,1.0,1.0,1.0,0.7500000000000001,1.0,1.0,1.0
s2,earn_step0.05,A2,44,1,100,9.72,0.40745458799494316,0.675483870967742,0.4008458622422225,0.0,0.6085365853658536,0.8218353750268644,0.6333333333333333,0.3873015873015873,0.4405737704918033,0.0,0.0,0.3151862464183381,0.3090909090909091,0.5192307692307693,0.411214953271028,0.2916035341028643,0.1583588750873797,0.3165155186916124,0.16674732483733937,0.29070392172648096,0.3174834176551067,0.7500000000000001,1.0,1.0,1.0,0.7500000000000001,1.0,1.0,1.0
s2,earn_step0.05,A3,42,4,100,9.21,0.5484284391306278,0.687741935483871,0.5487156896302071,0.5648083892358702,0.612321095208463,0.8210709621245103,0.6506955177743431,0.3602941176470588,0.46607669616519176,0.44274809160305345,0.6868686868686869,0.34965034965034963,0.2,0.23076923076923078,0.21495327102803738,0.4750217298824477,0.1583588750873797,0.021972317526914514,0.035220734527074256,0.48101236622123517,0.021719797133753927,0.65,1.0,0.0,0.0,0.7500000000000001,1.0,0.0,0.0
s2,earn_step0.05,A3,43,4,100,9.32,0.5366610415847533,0.6827956989247311,0.5413413875168278,0.5607715944008194,0.5860215053763441,0.8245984784446323,0.6220735785953178,0.38485804416403785,0.4655493482309125,0.4482758620689655,0.6732673267326733,0.32608695652173914,0.23636363636363636,0.25,0.24299065420560748,0.4807636280884718,0.1583588750873797,0.021730436819843192,0.035220734527074256,0.48101236622123517,0.021719797133753927,0.7500000000000001,1.0,0.0,0.0,0.7500000000000001,1.0,0.0,0.0
s2,earn_step0.05,A3,44,4,100,9.13,0.5341949800591447,0.6845161290322581,0.5359359788025168,0.54,0.6048237476808905,0.8213903743315508,0.637633525061627,0.34558823529411764,0.45714285714285713,0.4,0.68,0.3409090909090909,0.2,0.23076923076923078,0.21495327102803738,0.4807636280884718,0.1583588750873797,0.021730436819843192,0.035220734527074256,0.48101236622123517,0.021719797133753927,0.7500000000000001,1.0,0.0,0.0,0.7500000000000001,1.0,0.0,0.0
s2,earn_step0.05,none,42,-1,100,9.33,0.5484284391306278,0.687741935483871,0.5487156896302071,0.5648083892358702,0.612321095208463,0.8210709621245103,0.6506955177743431,0.3602941176470588,0.46607669616519176,0.44274809160305345,0.6868686868686869,0.34965034965034963,0.2,0.23076923076923078,0.21495327102803738,0.4750217298824477,0.1583588750873797,,,0.48101236622123517,,0.65,1.0,,,0.7500000000000001,1.0,,
s2,earn_step0.05,none,43,-1,100,9.24,0.5366610415847533,0.6827956989247311,0.5413413875168278,0.5607715944008194,0.5860215053763441,0.8245984784446323,0.6220735785953178,0.38485804416403785,0.4655493482309125,0.4482758620689655,0.6732673267326733,0.32608695652173914,0.23636363636363636,0.25,0.24299065420560748,0.4807636280884718,0.1583588750873797,,,0.48101236622123517,,0.7500000000000001,1.0,,,0.7500000000000001,1.0,,
s2,earn_step0.05,none,44,-1,100,9.32,0.5341949800591447,0.6845161290322581,0.5359359788025168,0.54,0.6048237476808905,0.8213903743315508,0.637633525061627,0.34558823529411764,0.45714285714285713,0.4,0.68,0.3409090909090909,0.2,0.23076923076923078,0.21495327102803738,0.4807636280884718,0.1583588750873797,,,0.48101236622123517,,0.7500000000000001,1.0,,,0.7500000000000001,1.0,,
s2,earn_step0.2,A1,42,4,100,9.46,0.4808406716761169,0.6864516129032258,0.5106790899572553,0.40168429298864083,0.6063291139240506,0.8217821782178217,0.6504559270516718,0.3902439024390244,0.46987951807228917,0.2898550724637681,0.5135135135135135,0.3433734939759036,0.32727272727272727,0.36538461538461536,0.34579439252336447,0.3101883070213973,0.1583588750873797,0.26115963432815165,0.035220734527074256,0.30483941096995765,0.2673412713351803,1.0,1.0,1.0,1.0,1.0,1.0,1.0,1.0
s2,earn_step0.2,A1,43,4,100,9.23,0.47904671725005593,0.6767741935483871,0.4998703028929061,0.40370219137062746,0.5757162346521146,0.8227901131126938,0.6193656093489148,0.37920489296636084,0.4600760456273764,0.3010752688172043,0.5063291139240507,0.33440514469453375,0.36363636363636365,0.40384615384615385,0.38317757009345793,0.2972364472192011,0.1583588750873797,0.26651099941271306,0.035220734527074256,0.30544355258555894,0.2642146279074351,0.001953125,1.0,1.0,1.0,1.0,1.0,1.0,1.0
s2,earn_step0.2,A1,44,4,100,9.19,0.4577109074208966,0.6834408602150538,0.48900263674389643,0.34069651741293533,0.5994930291508238,0.8227368421052632,0.6310599835661462,0.36363636363636365,0.46778989098116946,0.29333333333333333,0.3880597014925373,0.34591194968553457,0.3090909090909091,0.4423076923076923,0.37383177570093457,0.30362578945832325,0.1583588750873797,0.26371861180718453,0.035220734527074256,0.29993705787036107,0.266504279019787,1.0,1.0,1.0,1.0,0.401953125,1.0,1.0,1.0
s2,earn_step0.2,A2,42,1,100,9.29,0.41482508735519824,0.6767741935483871,0.4042007283414834,0.0,0.6127605811749842,0.8199217050891692,0.6368876080691642,0.3883495145631068,0.4576271186440678,0.0,0.0,0.31805929919137466,0.34545454545454546,0.36538461538461536,0.35514018691588783,0.3309013329203801,0.1583588750873797,0.32075048962465125,0.16674732483733937,0.3257041552508969,0.3284673552507646,1.0,1.0,1.0,1.0,1.0,1.0,1.0,1.0
s2,earn_step0.2,A2,43,1,100,9.28,0.411181746184347,0.6733333333333333,0.40353858508726076,0.017857142857142856,0.597911227154047,0.8229726822972683,0.6334630350194552,0.3775811209439528,0.448901623686724,0.03571428571428571,0.0,0.31176470588235294,0.34545454545454546,0.4230769230769231,0.38317757009345793,0.32384751510020776,0.1583588750873797,0.3240174639665403,0.16674732483733937,0.31533322015715515,0.34020903852425477,1.0,1.0,1.0,1.0,1.0,1.0,1.0,1.0
s2,earn_step0.2,A2,44,1,100,9.43,0.4121505145583132,0.6772043010752689,0.4038764028411255,0.0,0.612942612942613,0.8219770711659096,0.6365054602184087,0.389937106918239,0.4505606523955148,0.0,0.0,0.3190883190883191,0.3090909090909091,0.46153846153846156,0.38317757009345793,0.31670918991022795,0.1583588750873797,0.33017253629241494,0.16674732483733937,0.31795082820668374,0.32878122395827164,1.0,1.0,1.0,1.0,1.0,1.0,1.0,1.0
s2,earn_step0.2,A3,42,4,100,9.23,0.5487993590119334,0.6881720430107527,0.5491589350065673,0.5648083892358702,0.612321095208463,0.8212497278467232,0.6522744795682344,0.36162361623616235,0.46653543307086615,0.44274809160305345,0.6868686868686869,0.34965034965034963,0.2,0.23076923076923078,0.21495327102803738,0.49633616980610656,0.1583588750873797,0.02107716641815744,0.035220734527074256,0.4963939828868834,0.021074747074437208,1.0,1.0,0.0,0.0,1.0,1.0,0.0,0.0
s2,earn_step0.2,A3,43,4,100,9.28,0.537549422965184,0.6838709677419355,0.5423071635936358,0.5607715944008194,0.5865771812080537,0.8251215901882004,0.6266666666666667,0.38485804416403785,0.4664179104477612,0.4482758620689655,0.6732673267326733,0.32727272727272727,0.23636363636363636,0.25,0.24299065420560748,0.49633616980610656,0.1583588750873797,0.02107716641815744,0.035220734527074256,0.4963939828868834,0.021074747074437208,1.0,1.0,0.0,0.0,1.0,1.0,0.0,0.0
s2,earn_step0.2,A3,44,4,100,9.12,0.534958211131862,0.6851612903225807,0.5368107004765749,0.54,0.6051980198019802,0.8213139310935159,0.6388888888888888,0.34944237918215615,0.4600197433366239,0.4,0.68,0.33962264150943394,0.2,0.23076923076923078,0.21495327102803738,0.49633616980610656,0.1583588750873797,0.02107716641815744,0.035220734527074256,0.4963939828868834,0.021074747074437208,1.0,1.0,0.0,0.0,1.0,1.0,0.0,0.0
s2,earn_step0.2,none,42,-1,100,9.16,0.5487993590119334,0.6881720430107527,0.5491589350065673,0.5648083892358702,0.612321095208463,0.8212497278467232,0.6522744795682344,0.36162361623616235,0.46653543307086615,0.44274809160305345,0.6868686868686869,0.34965034965034963,0.2,0.23076923076923078,0.21495327102803738,0.49633616980610656,0.1583588750873797,,,0.4963939828868834,,1.0,1.0,,,1.0,1.0,,
s2,earn_step0.2,none,43,-1,100,9.11,0.537549422965184,0.6838709677419355,0.5423071635936358,0.5607715944008194,0.5865771812080537,0.8251215901882004,0.6266666666666667,0.38485804416403785,0.4664179104477612,0.4482758620689655,0.6732673267326733,0.32727272727272727,0.23636363636363636,0.25,0.24299065420560748,0.49633616980610656,0.1583588750873797,,,0.4963939828868834,,1.0,1.0,,,1.0,1.0,,
s2,earn_step0.2,none,44,-1,100,9.11,0.534958211131862,0.6851612903225807,0.5368107004765749,0.54,0.6051980198019802,0.8213139310935159,0.6388888888888888,0.34944237918215615,0.4600197433366239,0.4,0.68,0.33962264150943394,0.2,0.23076923076923078,0.21495327102803738,0.49633616980610656,0.1583588750873797,,,0.4963939828868834,,1.0,1.0,,,1.0,1.0,,
s2,earn_tau10,A1,42,4,100,9.22,0.45517124658248614,0.6879569892473119,0.4781296140180215,0.2746138996138996,0.6049149338374291,0.8220357219711641,0.6549963530269876,0.38666666666666666,0.47514910536779326,0.03571428571428571,0.5135135135135135,0.33204633204633205,0.36363636363636365,0.36538461538461536,0.3644859813084112,0.13234913523015343,0.1583588750873797,0.18910221665089078,0.035220734527074256,0.293261012568761,0.2654362765453977,0.0,0.0,0.46928505450487135,0.9306640624999999,0.40009765625000004,1.0,1.0,1.0
s2,earn_tau10,A1,43,4,100,9.23,0.480715783595001,0.6851612903225807,0.5120934073460324,0.42874779541446206,0.5842245989304813,0.8252834943301134,0.6343402225755167,0.3870967741935484,0.46853823814133594,0.3142857142857143,0.5432098765432098,0.33976833976833976,0.36363636363636365,0.36538461538461536,0.3644859813084112,0.1350300763839191,0.1583588750873797,0.1733089356770931,0.035220734527074256,0.29912661107250776,0.260360648394671,0.0,0.0,0.08227392435073852,1.0,0.6078125,1.0,1.0,1.0
s2,earn_tau10,A1,44,4,100,9.32,0.42944808342971696,0.6827956989247311,0.45168496781757517,0.19696162046908314,0.6003616636528029,0.8222222222222222,0.647244094488189,0.36774193548387096,0.4594059405940594,0.03571428571428571,0.3582089552238806,0.3225806451612903,0.2909090909090909,0.4423076923076923,0.3644859813084112,0.13432042332192462,0.1583588750873797,0.1778570822690089,0.035220734527074256,0.29194788797892585,0.2633583545488488,0.0,0.0,0.11875000000000001,1.0,0.10048828125,1.0,1.0,1.0
s2,earn_tau10,A2,42,1,100,9.43,0.40864220866173767,0.6804301075268817,0.40475425973357926,0.0,0.6112161310649024,0.8193240901213171,0.6469760900140648,0.3873015873015873,0.45962732919254656,0.0,0.0,0.313588850174216,0.36363636363636365,0.40384615384615385,0.38317757009345793,0.15318022181709343,0.1583588750873797,0.253321751783767,0.16674732483733937,0.30532750720989166,0.3333734477251865,0.18125000000000002,4.685202688288634e-27,0.46432383275823663,0.7,1.0,1.0,1.0,1.0
s2,earn_tau10,A2,43,1,100,9.44,0.4069704065050668,0.6782795698924731,0.4030912229084012,0.0,0.5971128608923885,0.8237556077761162,0.6402439024390244,0.3806818181818182,0.45343367826904984,0.0,0.0,0.32950191570881227,0.38181818181818183,0.4807692307692308,0.42990654205607476,0.17882471423763666,0.1583588750873797,0.2518712175712911,0.16674732483733937,0.2984207708379716,0.3438575666121836,0.125,3.2311742677852644e-27,0.07645411542544026,0.7749999999999999,1.0,1.0,1.0,1.0
s2,earn_tau10,A2,44,1,100,9.44,0.4051835101750474,0.6789247311827957,0.4035220985889879,0.0,0.6104368932038835,0.8211977595863852,0.6387195121951219,0.382089552238806,0.4462311557788945,0.0,0.0,0.32950191570881227,0.32727272727272727,0.5192307692307693,0.4205607476635514,0.1739848053449067,0.1583588750873797,0.24557904293089244,0.16674732483733937,0.30458602117073424,0.3272736275923489,0.475,1.2278462217584004e-26,0.10320027854832006,0.7,1.0,1.0,1.0,1.0
s2,earn_tau10,A3,42,4,100,9.32,0.5261555018377684,0.6916129032258065,0.5503768381421251,0.5648058252427185,0.6081582200247219,0.8233253847821375,0.6566037735849056,0.37142857142857144,0.4682080924855491,0.45,0.6796116504854369,0.345679012345679,0.2545454545454545,0.23076923076923078,0.24299065420560748,0.26232961225317664,0.1583588750873797,0.031139324831222906,0.035220734527074256,0.48888059992831173,0.021389164774275216,0.18125000000000002,0.026666136860267822,0.0,0.0,1.0,1.0,0.0,0.0
s2,earn_tau10,A3,43,4,100,9.24,0.5335200481637654,0.6866666666666666,0.5458411815735335,0.5761469636398249,0.5841784989858012,0.8257383966244726,0.6384364820846905,0.38006230529595014,0.4676524953789279,0.46601941747572817,0.6862745098039216,0.3183673469387755,0.2727272727272727,0.25,0.2616822429906542,0.27888037247510866,0.1583588750873797,0.030448364041316817,0.035220734527074256,0.4876687332663376,0.021439878591269404,0.125,0.24314024905909354,0.0,0.0,1.0,1.0,0.0,0.0
s2,earn_tau10,A3,44,4,100,9.2,0.5188820317639176,0.6881720430107527,0.539186684409133,0.5666336633663367,0.6029593094944513,0.8230277185501066,0.6533226581265013,0.34306569343065696,0.45217391304347826,0.46,0.6732673267326733,0.3056768558951965,0.2545454545454545,0.23076923076923078,0.24299065420560748,0.27294610513266077,0.1583588750873797,0.030557927103234735,0.035220734527074256,0.48888059992831173,0.021389164774275216,0.475,0.16796212559949703,0.0,0.0,1.0,1.0,0.0,0.0
s2,earn_tau10,none,42,-1,100,9.15,0.5261555018377684,0.6916129032258065,0.5503768381421251,0.5648058252427185,0.6081582200247219,0.8233253847821375,0.6566037735849056,0.37142857142857144,0.4682080924855491,0.45,0.6796116504854369,0.345679012345679,0.2545454545454545,0.23076923076923078,0.24299065420560748,0.26232961225317664,0.1583588750873797,,,0.48888059992831173,,0.18125000000000002,0.026666136860267822,,,1.0,1.0,,
s2,earn_tau10,none,43,-1,100,9.15,0.5335200481637654,0.6866666666666666,0.5458411815735335,0.5761469636398249,0.5841784989858012,0.8257383966244726,0.6384364820846905,0.38006230529595014,0.4676524953789279,0.46601941747572817,0.6862745098039216,0.3183673469387755,0.2727272727272727,0.25,0.2616822429906542,0.27888037247510866,0.1583588750873797,,,0.4876687332663376,,0.125,0.24314024905909354,,,1.0,1.0,,
s2,earn_tau10,none,44,-1,100,9.2,0.5188820317639176,0.6881720430107527,0.539186684409133,0.5666336633663367,0.6029593094944513,0.8230277185501066,0.6533226581265013,0.34306569343065696,0.45217391304347826,0.46,0.6732673267326733,0.3056768558951965,0.2545454545454545,0.23076923076923078,0.24299065420560748,0.27294610513266077,0.1583588750873797,,,0.48888059992831173,,0.475,0.16796212559949703,,,1.0,1.0,,
s2,earn_tau40,A1,42,4,100,9.32,0.47644473285970484,0.6845161290322581,0.5045924031553477,0.3936341659951652,0.602827763496144,0.823831975996571,0.6456571867794004,0.37341772151898733,0.4612286002014099,0.29411764705882354,0.4931506849315068,0.3425076452599388,0.34545454545454546,0.36538461538461536,0.35514018691588783,0.3065082525760374,0.1583588750873797,0.25638640615114067,0.035220734527074256,0.29599353604092715,0.26436690506007215,0.8999999999999999,1.0,1.0,1.0,0.40009765625000004,1.0,1.0,1.0
s2,earn_tau40,A1,43,4,100,9.33,0.48039416211840646,0.6750537634408602,0.4992653321413456,0.4104679277485422,0.5757368060315284,0.8230366492146597,0.6123833757421544,0.3726027397260274,0.45933014354066987,0.3146067415730337,0.5063291139240507,0.3300970873786408,0.36363636363636365,0.38461538461538464,0.37383177570093457,0.28491564855033097,0.1583588750873797,0.26564327772327334,0.035220734527074256,0.3018591345446739,0.25929127690934556,0.003125,1.0,1.0,1.0,0.6078125,1.0,1.0,1.0
s2,earn_tau40,A1,44,4,100,9.34,0.4586564178894962,0.6821505376344086,0.48534678003979204,0.31787941787941787,0.5996180776575429,0.8234055988213008,0.6219614417435038,0.38650306748466257,0.46520874751491054,0.2972972972972973,0.3384615384615385,0.3503184713375796,0.3090909090909091,0.46153846153846156,0.38317757009345793,0.29323274410446987,0.1583588750873797,0.2614221316267539,0.035220734527074256,0.2897486481120448,0.2642190258027244,0.30000000000000004,1.0,1.0,1.0,0.000244140625,1.0,1.0,1.0
s2,earn_tau40,A2,42,1,100,9.56,0.41499743884972534,0.6767741935483871,0.40387408494295274,0.0,0.6105799872530274,0.8198569260784738,0.6384839650145773,0.3853211009174312,0.46008403361344535,0.0,0.0,0.31666666666666665,0.34545454545454546,0.38461538461538464,0.3644859813084112,0.3248011672682795,0.1583588750873797,0.3214681396014985,0.16674732483733937,0.3172707426752431,0.3227308012543576,1.0,1.0,1.0,1.0,1.0,1.0,1.0,1.0
s2,earn_tau40,A2,43,1,100,9.48,0.4110688942411049,0.6716129032258065,0.39730601903062,0.0,0.5969556585043018,0.823781009409752,0.6294498381877023,0.36649214659685864,0.4465832531280077,0.0,0.0,0.3151862464183381,0.38181818181818183,0.4230769230769231,0.40186915887850466,0.3148777063320104,0.1583588750873797,0.3199737407031333,0.16674732483733937,0.3058095569993732,0.34009201088968377,1.0,1.0,1.0,1.0,1.0,1.0,1.0,1.0
s2,earn_tau40,A2,44,1,100,9.44,0.41314989679492153,0.6748387096774193,0.40173161377502764,0.0,0.6101485148514851,0.8219884045522868,0.6260032102728732,0.3878116343490305,0.4451345755693582,0.0,0.0,0.3227665706051873,0.34545454545454546,0.46153846153846156,0.40186915887850466,0.3056195931652791,0.1583588750873797,0.32698840643108557,0.16674732483733937,0.30900136473527023,0.3247151019688307,1.0,1.0,1.0,1.0,1.0,1.0,1.0,1.0
s2,earn_tau40,A3,42,4,100,9.35,0.5544909565284257,0.6883870967741935,0.5533844007670163,0.568240544984731,0.6130841121495327,0.8211718579830103,0.6485225505443235,0.39867109634551495,0.46871896722939427,0.4496124031007752,0.6868686868686869,0.3404255319148936,0.2,0.23076923076923078,0.21495327102803738,0.4863654815219867,0.1583588750873797,0.02149441666260534,0.035220734527074256,0.4913043332522601,0.021287737140286832,1.0,1.0,0.0,0.0,1.0,1.0,0.0,0.0
s2,earn_tau40,A3,43,4,100,9.19,0.5386997750204436,0.6819354838709677,0.5401617790539077,0.5607715944008194,0.5879194630872483,0.8252221752010157,0.6187658495350803,0.3785310734463277,0.46458923512747874,0.4482758620689655,0.6732673267326733,0.3247232472324723,0.23636363636363636,0.25,0.24299065420560748,0.49117381694721457,0.1583588750873797,0.021293198945794435,0.035220734527074256,0.4913043332522601,0.021287737140286832,1.0,1.0,0.0,0.0,1.0,1.0,0.0,0.0
s2,earn_tau40,A3,44,4,100,9.41,0.5381440469636309,0.6834408602150538,0.537772713332985,0.5414388489208634,0.6042183622828784,0.8213139310935159,0.6307947019867549,0.3696369636963696,0.45617529880478086,0.4028776978417266,0.68,0.3371647509578544,0.2,0.23076923076923078,0.21495327102803738,0.49117381694721457,0.1583588750873797,0.021293198945794435,0.035220734527074256,0.4913043332522601,0.021287737140286832,1.0,1.0,0.0,0.0,1.0,1.0,0.0,0.0
s2,earn_tau40,none,42,-1,100,9.16,0.5544909565284257,0.6883870967741935,0.5533844007670163,0.568240544984731,0.6130841121495327,0.8211718579830103,0.6485225505443235,0.39867109634551495,0.46871896722939427,0.4496124031007752,0.6868686868686869,0.3404255319148936,0.2,0.23076923076923078,0.21495327102803738,0.4863654815219867,0.1583588750873797,,,0.4913043332522601,,1.0,1.0,,,1.0,1.0,,
s2,earn_tau40,none,43,-1,100,9.1,0.5386997750204436,0.6819354838709677,0.5401617790539077,0.5607715944008194,0.5879194630872483,0.8252221752010157,0.6187658495350803,0.3785310734463277,0.46458923512747874,0.4482758620689655,0.6732673267326733,0.3247232472324723,0.23636363636363636,0.25,0.24299065420560748,0.49117381694721457,0.1583588750873797,,,0.4913043332522601,,1.0,1.0,,,1.0,1.0,,
s2,earn_tau40,none,44,-1,100,9.28,0.5381440469636309,0.6834408602150538,0.537772713332985,0.5414388489208634,0.6042183622828784,0.8213139310935159,0.6307947019867549,0.3696369636963696,0.45617529880478086,0.4028776978417266,0.68,0.3371647509578544,0.2,0.23076923076923078,0.21495327102803738,0.49117381694721457,0.1583588750873797,,,0.4913043332522601,,1.0,1.0,,,1.0,1.0,,
s2,fedavg,A1,42,4,100,8.86,0.47831819589623203,0.6886021505376344,0.5133790525136186,0.4212962962962963,0.6066584463625154,0.8210890233362144,0.6547085201793722,0.3719298245614035,0.47398843930635837,0.25,0.5925925925925926,0.3360655737704918,0.36363636363636365,0.3076923076923077,0.3364485981308411,0.1583588750873797,0.1583588750873797,0.03522073452707425,0.035220734527074256,0.1583588750873797,0.03522073452707425,,,,,,,,
s2,fedavg,A1,43,4,100,8.8,0.485994292109277,0.6821505376344086,0.5207505948767951,0.4799196787148594,0.5795148247978437,0.8242677824267782,0.6287128712871287,0.37920489296636084,0.45588235294117646,0.3333333333333333,0.6265060240963856,0.33858267716535434,0.36363636363636365,0.3076923076923077,0.3364485981308411,0.1583588750873797,0.1583588750873797,0.03522073452707425,0.035220734527074256,0.1583588750873797,0.03522073452707425,,,,,,,,
s2,fedavg,A1,44,4,100,8.69,0.46509658874367615,0.6819354838709677,0.5102856709580761,0.46083819993129504,0.5935563816604709,0.8202861952861953,0.6353909465020576,0.34057971014492755,0.4490566037735849,0.4146341463414634,0.5070422535211268,0.3217391304347826,0.2727272727272727,0.46153846153846156,0.3644859813084112,0.1583588750873797,0.1583588750873797,0.03522073452707425,0.035220734527074256,0.1583588750873797,0.03522073452707425,,,,,,,,
s2,fedavg,A2,42,1,100,8.78,0.4019454428137248,0.6804301075268817,0.40334715728801007,0.0,0.6024539877300613,0.8183192914236336,0.6566940912490651,0.3822525597269625,0.4690181124880839,0.0,0.0,0.2980392156862745,0.36363636363636365,0.5384615384615384,0.4485981308411215,0.1583588750873797,0.1583588750873797,0.16674732483733945,0.16674732483733937,0.1583588750873797,0.16674732483733945,,,,,,,,
s2,fedavg,A2,43,1,100,8.62,0.39695685694809063,0.6733333333333333,0.40361017298798463,0.03508771929824561,0.5849802371541502,0.8217801047120419,0.6244796003330558,0.3696969696969697,0.44325290437890974,0.07017543859649122,0.0,0.31451612903225806,0.41818181818181815,0.6346153846153846,0.5233644859813084,0.1583588750873797,0.1583588750873797,0.16674732483733945,0.16674732483733937,0.1583588750873797,0.16674732483733945,,,,,,,,
s2,fedavg,A2,44,1,100,8.83,0.38766960725599126,0.6750537634408602,0.3932685720939753,0.0,0.5975609756097561,0.8207507380851962,0.6264462809917355,0.3517915309446254,0.44254510921177587,0.0,0.0,0.3070539419087137,0.34545454545454546,0.5961538461538461,0.4672897196261682,0.1583588750873797,0.1583588750873797,0.16674732483733945,0.16674732483733937,0.1583588750873797,0.16674732483733945,,,,,,,,
s2,fedavg,A3,42,4,100,8.73,0.43724980718516504,0.6389247311827957,0.46718414044282747,0.38196721311475407,0.5748078060319338,0.8046237533998187,0.5639589169000934,0.2689075630252101,0.4031620553359684,0.16393442622950818,0.6,0.35807860262008734,0.23636363636363636,0.2692307692307692,0.2523364485981308,0.1583588750873797,0.1583588750873797,0.03522073452707425,0.035220734527074256,0.1583588750873797,0.03522073452707425,,,,,,,,
s2,fedavg,A3,43,4,100,8.56,0.44597827948333435,0.6501075268817205,0.48018996619919,0.43344947735191636,0.5741324921135647,0.8141400997614401,0.5542635658914729,0.29577464788732394,0.41403508771929826,0.2571428571428571,0.6097560975609756,0.3222748815165877,0.34545454545454546,0.28846153846153844,0.3177570093457944,0.1583588750873797,0.1583588750873797,0.03522073452707425,0.035220734527074256,0.1583588750873797,0.03522073452707425,,,,,,,,
s2,fedavg,A3,44,4,100,8.73,0.42872679199663866,0.6516129032258065,0.47158869450765867,0.40910773787486115,0.5728155339805825,0.8123525627278576,0.5524542829643888,0.27586206896551724,0.41237113402061853,0.2702702702702703,0.547945205479452,0.3286384976525822,0.34545454545454546,0.38461538461538464,0.3644859813084112,0.1583588750873797,0.1583588750873797,0.03522073452707425,0.035220734527074256,0.1583588750873797,0.03522073452707425,,,,,,,,
s2,fedavg,none,42,-1,100,8.77,0.49089190937105465,0.6890322580645162,0.5299361926310726,0.4879766403297836,0.6043076923076923,0.8215982721382289,0.6561324303987961,0.37722419928825623,0.4682080924855491,0.36619718309859156,0.6097560975609756,0.3360655737704918,0.32727272727272727,0.28846153846153844,0.308411214953271,0.1583588750873797,0.1583588750873797,,,0.1583588750873797,,,,,,,,,
s2,fedavg,none,43,-1,100,8.71,0.48415934565632435,0.6825806451612904,0.5176605676470496,0.4702659145850121,0.5798657718120805,0.8246861924686193,0.6309719934102141,0.37423312883435583,0.4563017479300828,0.3287671232876712,0.611764705882353,0.3346938775510204,0.34545454545454546,0.3269230769230769,0.3364485981308411,0.1583588750873797,0.1583588750873797,,,0.1583588750873797,,,,,,,,,
s2,fedavg,none,44,-1,100,8.87,0.481042263514809,0.6849462365591398,0.5252201918209276,0.5125115848007414,0.5923172242874845,0.8214963119072708,0.6438467807660961,0.34814814814814815,0.4533333333333333,0.40963855421686746,0.6153846153846154,0.31759656652360513,0.2909090909090909,0.36538461538461536,0.32710280373831774,0.1583588750873797,0.1583588750873797,,,0.1583588750873797,,,,,,,,,
s2,fedavg_clipped,A1,42,4,100,8.61,0.47935836698106576,0.690752688172043,0.5129432027681939,0.4070026310463469,0.6043613707165109,0.8222652052439287,0.6578171091445427,0.3890784982935154,0.4731610337972167,0.19672131147540983,0.6172839506172839,0.34285714285714286,0.38181818181818183,0.28846153846153844,0.3364485981308411,0.1583588750873797,0.1583588750873797,0.03522073452707425,0.035220734527074256,0.1583588750873797,0.03522073452707425,,,,,,,,
s2,fedavg_clipped,A1,43,4,100,8.7,0.4870886627908368,0.6870967741935484,0.5198806441041175,0.4576558265582656,0.5835010060362174,0.8265605362379556,0.6387096774193548,0.3893805309734513,0.4695817490494297,0.3055555555555556,0.6097560975609756,0.336,0.34545454545454546,0.3269230769230769,0.3364485981308411,0.1583588750873797,0.1583588750873797,0.03522073452707425,0.035220734527074256,0.1583588750873797,0.03522073452707425,,,,,,,,
s2,fedavg_clipped,A1,44,4,100,8.68,0.46508331396114205,0.6875268817204301,0.510616828209871,0.44298668724676826,0.5940959409594095,0.8226383336839891,0.6501200960768615,0.35172413793103446,0.4641434262948207,0.3380281690140845,0.547945205479452,0.3162393162393162,0.3090909090909091,0.40384615384615385,0.35514018691588783,0.1583588750873797,0.1583588750873797,0.03522073452707425,0.035220734527074256,0.1583588750873797,0.03522073452707425,,,,,,,,
s2,fedavg_clipped,A2,42,1,100,8.8,0.40767532685862795,0.6804301075268817,0.4046748332801691,0.0,0.6132361870066788,0.8169136878814298,0.6531184302733006,0.3818770226537217,0.45908607863974493,0.0,0.0,0.31316725978647686,0.36363636363636365,0.46153846153846156,0.411214953271028,0.1583588750873797,0.1583588750873797,0.16674732483733945,0.16674732483733937,0.1583588750873797,0.16674732483733945,,,,,,,,
s2,fedavg_clipped,A2,43,1,100,8.77,0.42005934385212185,0.6797849462365592,0.4293687027603051,0.10626959247648902,0.5974025974025974,0.8236043302908087,0.6401249024199844,0.3780821917808219,0.4524271844660194,0.10344827586206896,0.10909090909090909,0.33076923076923076,0.4,0.5384615384615384,0.4672897196261682,0.1583588750873797,0.1583588750873797,0.16674732483733945,0.16674732483733937,0.1583588750873797,0.16674732483733945,,,,,,,,
s2,fedavg_clipped,A2,44,1,100,8.81,0.4041798621860102,0.6806451612903226,0.4037402857484781,0.0,0.6084373143196673,0.8216820821682083,0.6471494607087828,0.3772455089820359,0.448559670781893,0.0,0.0,0.32684824902723736,0.3090909090909091,0.5769230769230769,0.4392523364485981,0.1583588750873797,0.1583588750873797,0.16674732483733945,0.16674732483733937,0.1583588750873797,0.16674732483733945,,,,,,,,
s2,fedavg_clipped,A3,42,4,100,8.54,0.4895795671324511,0.6911827956989247,0.5296368182265334,0.47667910447761197,0.6072974644403216,0.8225910756628584,0.6557377049180327,0.3875432525951557,0.4731182795698925,0.3283582089552239,0.625,0.3374485596707819,0.32727272727272727,0.28846153846153844,0.308411214953271,0.1583588750873797,0.1583588750873797,0.03522073452707425,0.035220734527074256,0.1583588750873797,0.03522073452707425,,,,,,,,
s2,fedavg_clipped,A3,43,4,100,8.68,0.4898079870262402,0.6860215053763441,0.5224055309357606,0.4725490196078431,0.5885486018641811,0.8262969964293215,0.6351020408163265,0.38323353293413176,0.46225535880708296,0.3333333333333333,0.611764705882353,0.3387096774193548,0.34545454545454546,0.3269230769230769,0.3364485981308411,0.1583588750873797,0.1583588750873797,0.03522073452707425,0.035220734527074256,0.1583588750873797,0.03522073452707425,,,,,,,,
s2,fedavg_clipped,A3,44,4,100,8.71,0.4738572664522288,0.6855913978494623,0.519656369709582,0.4878904878904879,0.5955610357583231,0.8221894115165577,0.6456310679611651,0.3487544483985765,0.4517374517374517,0.3783783783783784,0.5974025974025974,0.31759656652360513,0.3090909090909091,0.38461538461538464,0.34579439252336447,0.1583588750873797,0.1583588750873797,0.03522073452707425,0.035220734527074256,0.1583588750873797,0.03522073452707425,,,,,,,,
s2,fedavg_clipped,none,42,-1,100,8.61,0.4895238133411933,0.6909677419354838,0.5295581682633981,0.47667910447761197,0.6069221260815822,0.8223372143165157,0.6557377049180327,0.3875432525951557,0.4731182795698925,0.3283582089552239,0.625,0.3374485596707819,0.32727272727272727,0.28846153846153844,0.308411214953271,0.1583588750873797,0.1583588750873797,,,0.1583588750873797,,,,,,,,,
s2,fedavg_clipped,none,43,-1,100,8.59,0.4898079870262402,0.6860215053763441,0.5224055309357606,0.4725490196078431,0.5885486018641811,0.8262969964293215,0.6351020408163265,0.38323353293413176,0.46225535880708296,0.3333333333333333,0.611764705882353,0.3387096774193548,0.34545454545454546,0.3269230769230769,0.3364485981308411,0.1583588750873797,0.1583588750873797,,,0.1583588750873797,,,,,,,,,
s2,fedavg_clipped,none,44,-1,100,8.49,0.4738572664522288,0.6855913978494623,0.519656369709582,0.4878904878904879,0.5955610357583231,0.8221894115165577,0.6456310679611651,0.3487544483985765,0.4517374517374517,0.3783783783783784,0.5974025974025974,0.31759656652360513,0.3090909090909091,0.38461538461538464,0.34579439252336447,0.1583588750873797,0.1583588750873797,,,0.1583588750873797,,,,,,,,,
s2,krum,A1,42,4,100,8.94,0.4272748506061831,0.6726881720430108,0.43547406256659826,0.1746031746031746,0.5997474747474747,0.81282722513089,0.6405307599517491,0.3609467455621302,0.3768913342503439,0.0,0.3492063492063492,0.3436426116838488,0.34545454545454546,0.21153846153846154,0.2803738317757009,0.0,0.1583588750873797,0.0,0.035220734527074256,0.0,0.0,,,,,,,,
s2,krum,A1,43,4,100,8.87,0.46564995537702425,0.6731182795698925,0.4718910736470773,0.3304943913585376,0.5642498205312275,0.8185200496072758,0.6439448875997099,0.3543788187372709,0.3858764186633039,0.034482758620689655,0.6265060240963856,0.3471698113207547,0.38181818181818183,0.25,0.3177570093457944,0.0,0.1583588750873797,0.0,0.035220734527074256,0.0,0.0,,,,,,,,
s2,krum,A1,44,4,100,8.89,0.4119816987432631,0.6763440860215054,0.415136746534946,0.08771929824561403,0.6022167487684729,0.8180463928495425,0.6544943820224719,0.3484848484848485,0.3854166666666667,0.0,0.17543859649122806,0.336996336996337,0.36363636363636365,0.34615384615384615,0.35514018691588783,0.0,0.1583588750873797,0.0,0.035220734527074256,0.0,0.0,,,,,,,,
s2,krum,A2,42,1,100,8.96,0.41826221869361924,0.6718279569892474,0.4239680596550096,0.13333333333333333,0.600879949717159,0.8111888111888111,0.6431137724550898,0.34234234234234234,0.3791208791208791,0.0,0.26666666666666666,0.34843205574912894,0.34545454545454546,0.21153846153846154,0.2803738317757009,0.0,0.1583588750873797,0.0,0.16674732483733937,0.0,0.0,,,,,,,,
s2,krum,A2,43,1,100,8.99,0.3251850257772871,0.6679569892473118,0.36172317606493154,0.11864406779661017,0.5585704831237591,0.7919586868314276,0.632258064516129,0.16842105263157894,0.3267175572519084,0.0,0.23728813559322035,0.17857142857142858,0.7454545454545455,0.6730769230769231,0.7102803738317757,0.0,0.1583588750873797,0.0,0.16674732483733937,0.0,0.0,,,,,,,,
s2,krum,A2,44,1,100,9.06,0.39808242680728445,0.6739784946236559,0.3906881108378635,0.0,0.603448275862069,0.816500106315118,0.6494413407821229,0.35,0.38258575197889183,0.0,0.0,0.3235294117647059,0.36363636363636365,0.4423076923076923,0.40186915887850466,0.0,0.1583588750873797,0.0,0.16674732483733937,0.0,0.0,,,,,,,,
s2,krum,A3,42,4,100,8.77,0.4272748506061831,0.6726881720430108,0.43547406256659826,0.1746031746031746,0.5997474747474747,0.81282722513089,0.6405307599517491,0.3609467455621302,0.3768913342503439,0.0,0.3492063492063492,0.3436426116838488,0.34545454545454546,0.21153846153846154,0.2803738317757009,0.0,0.1583588750873797,0.0,0.035220734527074256,0.0,0.0,,,,,,,,
s2,krum,A3,43,4,100,8.78,0.46564995537702425,0.6731182795698925,0.4718910736470773,0.3304943913585376,0.5642498205312275,0.8185200496072758,0.6439448875997099,0.3543788187372709,0.3858764186633039,0.034482758620689655,0.6265060240963856,0.3471698113207547,0.38181818181818183,0.25,0.3177570093457944,0.0,0.1583588750873797,0.0,0.035220734527074256,0.0,0.0,,,,,,,,
s2,krum,A3,44,4,100,8.77,0.4119816987432631,0.6763440860215054,0.415136746534946,0.08771929824561403,0.6022167487684729,0.8180463928495425,0.6544943820224719,0.3484848484848485,0.3854166666666667,0.0,0.17543859649122806,0.336996336996337,0.36363636363636365,0.34615384615384615,0.35514018691588783,0.0,0.1583588750873797,0.0,0.035220734527074256,0.0,0.0,,,,,,,,
s2,krum,none,42,-1,100,8.61,0.29658502528488817,0.5883870967741935,0.30220731343302953,0.27631578947368424,0.4336134453781513,0.7557990867579909,0.2839657282741738,0.0,0.39164866810655147,0.0,0.5526315789473685,0.0,0.6727272727272727,0.4423076923076923,0.5607476635514018,0.0,0.1583588750873797,,,0.0,,,,,,,,,
s2,krum,none,43,-1,100,8.82,0.29094471806443745,0.589247311827957,0.3089988313964889,0.2535211267605634,0.4091710758377425,0.7472449342339139,0.3087885985748218,0.046511627906976744,0.4012841091492777,0.0,0.5070422535211268,0.05194805194805195,0.7454545454545455,0.5384615384615384,0.6448598130841121,0.0,0.1583588750873797,,,0.0,,,,,,,,,
s2,krum,none,44,-1,100,8.7,0.24992662757788742,0.5556989247311828,0.2381546587220309,0.19696969696969696,0.39718804920913886,0.7322654462242563,0.0,0.0,0.3818443804034582,0.0,0.3939393939393939,0.0,0.7272727272727273,0.6153846153846154,0.6728971962616822,0.0,0.1583588750873797,,,0.0,,,,,,,,,
s2,multi_krum,A1,42,4,100,8.87,0.48914654364394156,0.681505376344086,0.5244602795548532,0.5320030120481928,0.5890497168030208,0.8206429780033841,0.6310517529215359,0.3035019455252918,0.4642857142857143,0.4375,0.6265060240963856,0.3231441048034934,0.32727272727272727,0.3269230769230769,0.32710280373831774,0.19999999999999996,0.1583588750873797,0.0,0.035220734527074256,0.19999999999999996,0.0,,,,,,,,
s2,multi_krum,A1,43,4,100,8.87,0.4829930097846211,0.6812903225806451,0.5234578321552072,0.5328554360812425,0.5754908598510494,0.818593171534348,0.6225614927905004,0.3283582089552239,0.46785714285714286,0.4731182795698925,0.5925925925925926,0.3090909090909091,0.36363636363636365,0.36538461538461536,0.3644859813084112,0.19999999999999996,0.1583588750873797,0.0,0.035220734527074256,0.19999999999999996,0.0,,,,,,,,
s2,multi_krum,A1,44,4,100,8.87,0.486834280217507,0.6832258064516129,0.5282162053329342,0.5389206019719772,0.5825747724317295,0.819047619047619,0.6246808510638298,0.33201581027667987,0.46846846846846846,0.46808510638297873,0.6097560975609756,0.3211009174311927,0.36363636363636365,0.3269230769230769,0.34579439252336447,0.19999999999999996,0.1583588750873797,0.0,0.035220734527074256,0.19999999999999996,0.0,,,,,,,,
s2,multi_krum,A2,42,1,100,8.91,0.47067905342818317,0.6643010752688172,0.5144206124281623,0.5222391341112802,0.5839951130116066,0.8174829782560948,0.6167097329888027,0.321285140562249,0.42048929663608564,0.4691358024691358,0.5753424657534246,0.31092436974789917,0.2727272727272727,0.3269230769230769,0.29906542056074764,0.15399999999999994,0.1583588750873797,0.018823529411764708,0.16674732483733937,0.15399999999999994,0.018823529411764708,,,,,,,,
s2,multi_krum,A2,43,1,100,8.95,0.46640176939043715,0.6636559139784947,0.5094729084227949,0.5085232067510549,0.5739458779106357,0.819672131147541,0.618925831202046,0.3271375464684015,0.4171686746987952,0.43037974683544306,0.5866666666666667,0.3018867924528302,0.2727272727272727,0.3269230769230769,0.29906542056074764,0.14999999999999997,0.1583588750873797,0.023529411764705882,0.16674732483733937,0.14999999999999997,0.023529411764705882,,,,,,,,
s2,multi_krum,A2,44,1,100,8.98,0.39584202254325407,0.6606451612903226,0.4209070689674581,0.16098081023454158,0.575139146567718,0.8183779119930975,0.6124893071000855,0.3215686274509804,0.4190774042220485,0.1791044776119403,0.14285714285714285,0.2986425339366516,0.34545454545454546,0.5576923076923077,0.4485981308411215,0.13199999999999995,0.1583588750873797,0.04470588235294117,0.16674732483733937,0.13199999999999995,0.04470588235294117,,,,,,,,
s2,multi_krum,A3,42,4,100,8.94,0.48914654364394156,0.681505376344086,0.5244602795548532,0.5320030120481928,0.5890497168030208,0.8206429780033841,0.6310517529215359,0.3035019455252918,0.4642857142857143,0.4375,0.6265060240963856,0.3231441048034934,0.32727272727272727,0.3269230769230769,0.32710280373831774,0.19999999999999996,0.1583588750873797,0.0,0.035220734527074256,0.19999999999999996,0.0,,,,,,,,
s2,multi_krum,A3,43,4,100,8.87,0.4829930097846211,0.6812903225806451,0.5234578321552072,0.5328554360812425,0.5754908598510494,0.818593171534348,0.6225614927905004,0.3283582089552239,0.46785714285714286,0.4731182795698925,0.5925925925925926,0.3090909090909091,0.36363636363636365,0.36538461538461536,0.3644859813084112,0.19999999999999996,0.1583588750873797,0.0,0.035220734527074256,0.19999999999999996,0.0,,,,,,,,
s2,multi_krum,A3,44,4,100,8.83,0.486834280217507,0.6832258064516129,0.5282162053329342,0.5389206019719772,0.5825747724317295,0.819047619047619,0.6246808510638298,0.33201581027667987,0.46846846846846846,0.46808510638297873,0.6097560975609756,0.3211009174311927,0.36363636363636365,0.3269230769230769,0.34579439252336447,0.19999999999999996,0.1583588750873797,0.0,0.035220734527074256,0.19999999999999996,0.0,,,,,,,,
s2,multi_krum,none,42,-1,100,8.79,0.3538245454040936,0.6443010752688172,0.3631133362790834,0.0,0.5749844430616055,0.8090270385352353,0.5493885230479775,0.2918454935622318,0.403470715835141,0.0,0.0,0.2761904761904762,0.509090909090909,0.46153846153846156,0.48598130841121495,0.0,0.1583588750873797,,,0.0,,,,,,,,,
s2,multi_krum,none,43,-1,100,8.81,0.35719947742638863,0.6533333333333333,0.3677877131156341,0.0,0.5765998707175177,0.8149398607301118,0.5816235504014273,0.2857142857142857,0.40564635958395245,0.0,0.0,0.2777777777777778,0.4727272727272727,0.5192307692307693,0.4953271028037383,0.0,0.1583588750873797,,,0.0,,,,,,,,,
s2,multi_krum,none,44,-1,100,9.01,0.34989594277470704,0.6529032258064517,0.3612243103977062,0.0,0.5741687979539642,0.8123038292529818,0.5797101449275363,0.27927927927927926,0.40963855421686746,0.0,0.0,0.23469387755102042,0.4909090909090909,0.5,0.4953271028037383,0.0,0.1583588750873797,,,0.0,,,,,,,,,
s2,trimmed_mean,A1,42,4,100,9.05,0.43260249876352685,0.6645161290322581,0.47241073607779865,0.36946315574607064,0.5849941383352872,0.8187134502923976,0.5843920145190563,0.3064516129032258,0.44392156862745097,0.2318840579710145,0.5070422535211268,0.3018867924528302,0.34545454545454546,0.40384615384615385,0.37383177570093457,0.058136585365853664,0.1583588750873797,0.11960975609756097,0.035220734527074256,0.05485609756097562,0.11800243902439027,,,,,,,,
s2,trimmed_mean,A1,43,4,100,9.06,0.4228199334774566,0.6692473118279569,0.46555229285646865,0.3696177062374245,0.574345883854499,0.8228140071293772,0.6024734982332155,0.2891566265060241,0.4363929146537842,0.2535211267605634,0.4857142857142857,0.26,0.38181818181818183,0.46153846153846156,0.4205607476635514,0.06362926829268294,0.1583588750873797,0.11945853658536584,0.035220734527074256,0.054190243902439025,0.11940487804878047,,,,,,,,
s2,trimmed_mean,A1,44,4,100,9.11,0.39411017447541014,0.663010752688172,0.4297722936307725,0.23132012413463834,0.5778863775198534,0.8178766261015527,0.5789473684210527,0.3037974683544304,0.4310204081632653,0.22535211267605634,0.23728813559322035,0.2660098522167488,0.4,0.6153846153846154,0.5046728971962616,0.06071707317073173,0.1583588750873797,0.11967073170731708,0.035220734527074256,0.05493170731707319,0.1198219512195122,,,,,,,,
s2,trimmed_mean,A2,42,1,100,9.12,0.3669926980353909,0.6494623655913978,0.3760721202552257,0.017857142857142856,0.5794721407624633,0.8058084091894235,0.5751152073732719,0.3008130081300813,0.4314606741573034,0.03571428571428571,0.0,0.28019323671497587,0.45454545454545453,0.7115384615384616,0.5794392523364486,0.05599268292682926,0.1583588750873797,0.11348350071736014,0.16674732483733937,0.05403902439024391,0.09404017216642754,,,,,,,,
s2,trimmed_mean,A2,43,1,100,9.0,0.36419036232109064,0.6574193548387097,0.37695091826783544,0.017857142857142856,0.5755850727387729,0.813200761582399,0.5979020979020979,0.2916666666666667,0.42153846153846153,0.03571428571428571,0.0,0.28,0.4909090909090909,0.7307692307692307,0.6074766355140186,0.056765853658536584,0.1583588750873797,0.1124304160688666,0.16674732483733937,0.05380243902439025,0.11087804878048783,,,,,,,,
s2,trimmed_mean,A2,44,1,100,9.0,0.35423074864673953,0.6548387096774193,0.3648492788844182,0.0,0.5719512195121951,0.8110947678083631,0.5795768169273229,0.2905982905982906,0.4284597341673182,0.0,0.0,0.23711340206185566,0.509090909090909,0.7307692307692307,0.616822429906542,0.05442439024390245,0.1583588750873797,0.106961262553802,0.16674732483733937,0.05448292682926831,0.09429842180774747,,,,,,,,
s2,trimmed_mean,A3,42,4,100,8.88,0.4465744177646373,0.6427956989247312,0.4802369936436495,0.44684944684944683,0.5643153526970954,0.8018910400720396,0.5922671353251318,0.2857142857142857,0.415547703180212,0.2962962962962963,0.5974025974025974,0.28846153846153844,0.21818181818181817,0.28846153846153844,0.2523364485981308,0.05958780487804878,0.1583588750873797,0.05541463414634146,0.035220734527074256,0.05450975609756098,0.057287804878048784,,,,,,,,
s2,trimmed_mean,A3,43,4,100,8.87,0.44319541621416747,0.6572043010752688,0.4803973869548055,0.43915343915343913,0.5605095541401274,0.8107296137339056,0.6087704213241617,0.2716049382716049,0.42340261739799845,0.2857142857142857,0.5925925925925926,0.2898550724637681,0.3090909090909091,0.3269230769230769,0.3177570093457944,0.06662682926829269,0.1583588750873797,0.05552195121951222,0.035220734527074256,0.05425365853658538,0.05896097560975611,,,,,,,,
s2,trimmed_mean,A3,44,4,100,8.87,0.42385186456229307,0.6584946236559139,0.46628814100651467,0.3900560224089636,0.5668515095502157,0.8138747884940778,0.587917042380523,0.2575107296137339,0.41927710843373495,0.30952380952380953,0.47058823529411764,0.3047619047619048,0.34545454545454546,0.5,0.4205607476635514,0.0662609756097561,0.1583588750873797,0.05527560975609757,0.035220734527074256,0.055009756097560994,0.05749268292682928,,,,,,,,
s2,trimmed_mean,none,42,-1,100,8.86,0.4359204188084874,0.6666666666666666,0.4765274572197786,0.38209255533199193,0.586713697824809,0.8206016013849816,0.5867393278837421,0.3064516129032258,0.4470588235294118,0.2571428571428571,0.5070422535211268,0.3004694835680751,0.34545454545454546,0.40384615384615385,0.37383177570093457,0.05804146341463415,0.1583588750873797,,,0.054153658536585374,,,,,,,,,
s2,trimmed_mean,none,43,-1,100,8.79,0.4181647513609894,0.6686021505376344,0.45855954792398984,0.34285714285714286,0.5739795918367347,0.8227396685546465,0.6001765225066196,0.2891566265060241,0.43800322061191627,0.22857142857142856,0.45714285714285713,0.25870646766169153,0.38181818181818183,0.4807692307692308,0.42990654205607476,0.06575853658536586,0.1583588750873797,,,0.05391219512195122,,,,,,,,,
s2,trimmed_mean,none,44,-1,100,8.94,0.4039990310278304,0.6647311827956989,0.44469734104533065,0.2898617511520737,0.5803298717165547,0.818887722980063,0.58,0.301255230125523,0.43137254901960786,0.2571428571428571,0.3225806451612903,0.2660098522167488,0.4,0.5961538461538461,0.4953271028037383,0.062497560975609746,0.1583588750873797,,,0.05455365853658537,,,,,,,,,
